Type,episode,time_steps,Length,Date,Loss,cost_tot,emis_tot,ener_tot,idis_tot,pdih_tot,pele_tot,pgas_tot,tdis_tot,extrinsic_reward
Train,2,37.935253381729126,7.0,February 28,-0.22573041915893555,0.5123906802908961,0.3375512568385786,2.0212650110094526,0.0,,0.024052414297765078,,428.2235649365433,-428.7359556168342
Test,2,37.935253381729126,7.0,January 16,-0.22573041915893555,0.4608578550989671,0.30360261065691346,1.8179797045324175,0.0,,0.022209456867219902,,235.23847687510892,-235.69933473020788
Test,2,37.935253381729126,7.0,April 17,-0.22573041915893555,0.49504936033054736,0.32612719201262896,1.9528574372013723,0.0,,0.02560267804397944,,987.8642083010859,-988.3592576614164
Train,3,78.3814926147461,7.0,February 28,-1.9728374481201172,0.4651946627669848,0.30645960032381253,1.8350874270887,0.0,,0.023899424753422695,,316.7725265277686,-317.2377211905356
Test,3,78.3814926147461,7.0,January 16,-1.9728374481201172,0.44776991759675594,0.2949805768783367,1.7663507597505193,0.0,,0.022241217603238387,,203.58831650746177,-204.03608642505853
Test,3,78.3814926147461,7.0,April 17,-1.9728374481201172,0.4932434930473568,0.32493752796413683,1.945733700384054,0.0,,0.026140722816670278,,970.7900973375155,-971.2833408305628
Train,4,111.4320752620697,7.0,February 28,2.2558834552764893,0.4675954678674518,0.3080411957943371,1.8445580586487267,0.0,,0.02386104126717379,,317.4631995905529,-317.93079505842036
Test,4,111.4320752620697,7.0,January 16,2.2558834552764893,0.45040881800149035,0.2967190240877671,1.7767606232800417,0.0,,0.022080195750709068,,211.1864157763078,-211.63682459430927
Test,4,111.4320752620697,7.0,April 17,2.2558834552764893,0.5033890447921301,0.3316211853265708,1.9857556007579116,0.0,,0.025856674998919457,,1039.9190195795193,-1040.4224086243114
Train,5,144.22968745231628,7.0,February 28,-0.1236577033996582,0.5107405897447871,0.33646421494035367,2.0147557780859504,0.0,,0.02389742837516073,,442.32049773799105,-442.83123832773583
Test,5,144.22968745231628,7.0,January 16,-0.1236577033996582,0.49765579181473296,0.3278442494400811,1.9631392182040783,0.0,,0.022605186992575268,,297.92080938067625,-298.418465172491
Test,5,144.22968745231628,7.0,April 17,-0.1236577033996582,0.500324315133167,0.3296022115472937,1.9736659374089445,0.0,,0.02536288655604236,,987.2827200836736,-987.7830443988067
Train,6,177.14416241645813,7.0,February 28,0.9767799377441406,0.49153234861949785,0.3238102651655081,1.9389836237455564,0.0,,0.02413483391082062,,355.2843825851445,-355.775914933764
Test,6,177.14416241645813,7.0,January 16,0.9767799377441406,0.5043345271083396,0.3322440474441533,1.9894853140368463,0.0,,0.022664893931569476,,320.66620306532235,-321.17053759243066
Test,6,177.14416241645813,7.0,April 17,0.9767799377441406,0.5108013543171077,0.3365042452503237,2.0149954805408616,0.0,,0.02647020395646173,,1062.1961208998803,-1062.7069222541975
Train,7,209.80846428871155,7.0,February 28,0.401630163192749,0.4924006744936139,0.3243822983843534,1.9424089723613982,0.0,,0.02410899023917048,,381.20166887984897,-381.6940695543426
Test,7,209.80846428871155,7.0,January 16,0.401630163192749,0.46014754234186844,0.3031346728642688,1.815177681821968,0.0,,0.022535072821225053,,250.06493320672922,-250.5250807490711
Test,7,209.80846428871155,7.0,April 17,0.401630163192749,0.5000759934969988,0.32943862293490667,1.972686364879684,0.0,,0.025517174596015796,,997.2723512938412,-997.7724272873382
Train,8,242.905348777771,7.0,February 28,1.1327672004699707,0.4616403626918728,0.30411810875559286,1.8210665194945685,0.0,,0.023087369789741404,,302.35091539567907,-302.81255575837093
Test,8,242.905348777771,7.0,January 16,1.1327672004699707,0.46466354924460407,0.3061097148869779,1.832992304712445,0.0,,0.022220558293607796,,254.8070160311435,-255.27167958038808
Test,8,242.905348777771,7.0,April 17,1.1327672004699707,0.49826198576472663,0.3282435961448103,1.9655305158371876,0.0,,0.025863685531546398,,1013.7380135700279,-1014.2362755557926
Train,9,275.8434114456177,7.0,February 28,4.203197002410889,0.4767473679886814,0.3140702582016175,1.8806602287522,0.0,,0.02328301498354686,,349.8485267568195,-350.32527412480823
Test,9,275.8434114456177,7.0,January 16,4.203197002410889,0.4620102626138468,0.30436179036099603,1.8225256907844123,0.0,,0.022317852688481465,,228.62519053121727,-229.08720079383113
Test,9,275.8434114456177,7.0,April 17,4.203197002410889,0.46305710228024904,0.3050514243818607,1.8266552358195263,0.0,,0.02519998602009333,,897.5221994145002,-897.9852565167804
Train,10,309.17059659957886,7.0,February 28,0.1183621883392334,0.4593227436929014,0.30259131438546205,1.8119240382362976,0.0,,0.023880893667897158,,304.3000646311756,-304.7593873748685
Test,10,309.17059659957886,7.0,January 16,0.1183621883392334,0.45855703661928365,0.3020868840844991,1.808903497511968,0.0,,0.022161979746004055,,227.5356724938443,-227.99422953046357
Test,10,309.17059659957886,7.0,April 17,0.1183621883392334,0.49194148647193386,0.3240797958217472,1.9405975797709438,0.0,,0.02529545055198125,,959.987052719537,-960.4789942060089
Train,11,342.2132520675659,7.0,February 28,0.8362903594970703,0.4617133758924358,0.30416620818160445,1.8213545400096098,0.0,,0.023600224796696493,,297.9248261085764,-298.3865394844688
Test,11,342.2132520675659,7.0,January 16,0.8362903594970703,0.4294214994033033,0.28289305877850807,1.693970411847355,0.0,,0.021921666396146164,,160.8245373794623,-161.2539588788656
Test,11,342.2132520675659,7.0,April 17,0.8362903594970703,0.5117421655045129,0.3371240301351233,2.0187067672761905,0.0,,0.025330505889532718,,1029.4629694385296,-1029.9747116040342
Train,12,375.10367465019226,7.0,February 28,3.8173811435699463,0.4611972964988412,0.30382622688483824,1.8193187238613093,0.0,,0.023902418654499387,,301.62669663720675,-302.0878939337056
Test,12,375.10367465019226,7.0,January 16,3.8173811435699463,0.464207140680079,0.3058090433671527,1.8311918764500168,0.0,,0.022232077869069403,,238.568104580714,-239.03231172139408
Test,12,375.10367465019226,7.0,April 17,3.8173811435699463,0.49984888700609215,0.329289010374822,1.9717904812863623,0.0,,0.025488607786735572,,990.4685990413058,-990.9684479283119
Train,13,408.08756971359253,7.0,February 28,-0.3023514747619629,0.4594771787677328,0.3026930526793351,1.812533249576856,0.0,,0.02380301021344263,,301.6789548138772,-302.13843199264494
Test,13,408.08756971359253,7.0,January 16,-0.3023514747619629,0.47533877354082066,0.3131423084075627,1.8751036431590584,0.0,,0.02229669004103035,,264.0069814463289,-264.48232021986973
Test,13,408.08756971359253,7.0,April 17,-0.3023514747619629,0.41988775185097615,0.2766124440201697,1.6563619402405383,0.0,,0.02535428231093454,,758.4135647564938,-758.8334525083447
Train,14,440.90527057647705,7.0,February 28,0.3023405075073242,0.4748694793631968,0.3128331481406467,1.8732523840757287,0.0,,0.023426138694242114,,336.6660005324326,-337.14087001179576
Test,14,440.90527057647705,7.0,January 16,0.3023405075073242,0.45984959043782936,0.3029383889669335,1.8140023291433114,0.0,,0.02215806490150366,,231.1193577794235,-231.57920736986134
Test,14,440.90527057647705,7.0,April 17,0.3023405075073242,0.45151453525650254,0.2974474453169074,1.7811224270473478,0.0,,0.024937656045396276,,837.4365799599632,-837.8880944952197
Train,15,473.57690930366516,7.0,February 28,-0.8721034526824951,0.4547825956193516,0.2996003687117626,1.7940141839027703,0.0,,0.02361252667922236,,305.0842392554207,-305.53902185104005
Test,15,473.57690930366516,7.0,January 16,-0.8721034526824951,0.4267660978994779,0.2811437410225358,1.6834954552247663,0.0,,0.02237312055253228,,194.8583418438352,-195.28510794173468
Test,15,473.57690930366516,7.0,April 17,-0.8721034526824951,0.4512540363509682,0.2972758345980741,1.7800948179525395,0.0,,0.025151775598744475,,859.5541633632082,-860.0054173995592
Train,16,506.5557019710541,7.0,February 28,-1.4694275856018066,0.43118723221154853,0.2840562831531703,1.700935827264495,0.0,,0.02343218368298814,,257.1558249726673,-257.5870122048788
Test,16,506.5557019710541,7.0,January 16,-1.4694275856018066,0.4358581574038364,0.2871333818005552,1.7193615676679963,0.0,,0.02221719498913287,,204.22272328655248,-204.6585814439563
Test,16,506.5557019710541,7.0,April 17,-1.4694275856018066,0.4695808846891169,0.30934914297073984,1.8523900776691038,0.0,,0.025430627839441302,,885.9174793354521,-886.3870602201412
Train,17,539.7290489673615,7.0,February 28,-1.8804707527160645,0.4107342652191487,0.2705823364560074,1.6202535117126189,0.0,,0.0233951932221632,,229.6862188476184,-230.09695311283755
Test,17,539.7290489673615,7.0,January 16,-1.8804707527160645,0.3983097626980169,0.26239735846378215,1.5712416674477976,0.0,,0.02205713661242269,,143.02261247101168,-143.4209222337097
Test,17,539.7290489673615,7.0,April 17,-1.8804707527160645,0.4924086373564546,0.3243875441362051,1.9424403840491342,0.0,,0.025672578744878015,,958.1632209489674,-958.6556295863238
Train,18,572.5252737998962,7.0,February 28,-2.048203706741333,0.4402093917484719,0.2899998754319321,1.7365262001912107,0.0,,0.023201012864938482,,278.71993514701796,-279.1601445387664
Test,18,572.5252737998962,7.0,January 16,-2.048203706741333,0.4296427983503127,0.2830388454615472,1.6948433859972918,0.0,,0.021900009011110225,,182.68104503973143,-183.11068783808173
Test,18,572.5252737998962,7.0,April 17,-2.048203706741333,0.44091765234507563,0.2904664613081964,1.7393201275939891,0.0,,0.025282374807244684,,779.9821284367893,-780.4230460891343
Train,19,605.3422825336456,7.0,February 28,0.41195034980773926,0.45256726469926467,0.2981409593876814,1.7852752059142618,0.0,,0.023457989365208834,,308.01100219087886,-308.4635694555781
Test,19,605.3422825336456,7.0,January 16,0.41195034980773926,0.4429633902340873,0.2918141466236396,1.7473900995427534,0.0,,0.02223684146075911,,220.55056244865008,-220.99352583888418
Test,19,605.3422825336456,7.0,April 17,0.41195034980773926,0.48117655481731975,0.3169881051459275,1.8981323661432778,0.0,,0.025025529969331498,,925.5636871343464,-926.0448636891638
Train,20,637.8319253921509,7.0,February 28,1.046553611755371,0.4694914727003181,0.3092902403982375,1.8520373676541184,0.0,,0.02361527363034773,,321.5982572179435,-322.06774869064384
Test,20,637.8319253921509,7.0,January 16,1.046553611755371,0.43106357389859057,0.2839748198858569,1.7004480232686043,0.0,,0.021975866085118485,,158.89051676954983,-159.32158034344843
Test,20,637.8319253921509,7.0,April 17,1.046553611755371,0.4680959867244986,0.3083709261656462,1.8465324920098567,0.0,,0.02519864199305324,,854.8861014821489,-855.3541974688734
Train,21,670.7801885604858,7.0,February 28,1.0677106380462646,0.4592763065347801,0.3025607226481595,1.8117408541805962,0.0,,0.023446066773915603,,305.7644357237297,-306.2237120302645
Test,21,670.7801885604858,7.0,January 16,1.0677106380462646,0.4575653350317416,0.30143357376844565,1.8049914596912917,0.0,,0.022289757443419926,,242.27614765639814,-242.73371299142988
Test,21,670.7801885604858,7.0,April 17,1.0677106380462646,0.46894627281914814,0.3089310751905239,1.8498866777875655,0.0,,0.025437836684032378,,910.3831689923114,-910.8521152651306
Train,22,703.5761892795563,7.0,February 28,0.2839372158050537,0.48888837725609147,0.3220684773245261,1.9285537564342892,0.0,,0.023909274989057937,,369.79692622301786,-370.28581460027397
Test,22,703.5761892795563,7.0,January 16,0.2839372158050537,0.4191880404075359,0.27615149013040846,1.6536017373078356,0.0,,0.02222479378342324,,180.04358039067003,-180.46276843107756
Test,22,703.5761892795563,7.0,April 17,0.2839372158050537,0.46939682857511283,0.30922789101397985,1.851664018047783,0.0,,0.025739186516672206,,906.8314647444361,-907.3008615730112
Train,23,736.6412296295166,7.0,February 28,1.4451665878295898,0.4556643760050495,0.30018126545500334,1.7974926075149902,0.0,,0.023513208320687762,,300.1971172717759,-300.65278164778096
Test,23,736.6412296295166,7.0,January 16,1.4451665878295898,0.43196238268861664,0.2845669345522645,1.7039936200734382,0.0,,0.022281567772744575,,184.02687517412684,-184.45883755681547
Test,23,736.6412296295166,7.0,April 17,1.4451665878295898,0.47700650200953926,0.3142409697656536,1.8816824536865466,0.0,,0.025370758887292778,,920.5913638107239,-921.0683703127335
Train,24,769.7775454521179,7.0,February 28,-0.10745811462402344,0.43414524469209537,0.2860049540969624,1.7126045155506735,0.0,,0.02364894184988564,,257.739774847919,-258.1739200926111
Test,24,769.7775454521179,7.0,January 16,-0.10745811462402344,0.418979110707667,0.2760138520243808,1.6527775570322174,0.0,,0.022620164363200915,,186.29010530967275,-186.7090844203804
Test,24,769.7775454521179,7.0,April 17,-0.10745811462402344,0.46624386405061463,0.3071507901240739,1.8392262881681034,0.0,,0.02562866357347166,,883.3206274400031,-883.7868713040538
Train,25,802.2369565963745,7.0,February 28,0.21885037422180176,0.4506507734680181,0.2968784188132509,1.777715082714077,0.0,,0.02297890530507998,,284.20140457111324,-284.65205534458124
Test,25,802.2369565963745,7.0,January 16,0.21885037422180176,0.42251502704037797,0.27834323280372036,1.6667259449324576,0.0,,0.02186508976794787,,140.34979464762222,-140.7723096746626
Test,25,802.2369565963745,7.0,April 17,0.21885037422180176,0.4508627253381318,0.2970180478558905,1.7785511847658093,0.0,,0.025230678534713828,,818.8772815589059,-819.328144284244
Train,26,835.1989097595215,7.0,February 28,-2.759359359741211,0.42095091908111076,0.2773128342664523,1.660555893811089,0.0,,0.02385528819263069,,219.1011457223936,-219.52209664147472
Test,26,835.1989097595215,7.0,January 16,-2.759359359741211,0.42680734990985114,0.28117091690313734,1.683658185048724,0.0,,0.022231136222065264,,169.2510718475386,-169.67787919744848
Test,26,835.1989097595215,7.0,April 17,-2.759359359741211,0.4958593501003165,0.3266607947406428,1.9560526631176192,0.0,,0.02545952960883928,,1012.6094871844234,-1013.1053465345237
Train,27,867.9676332473755,7.0,February 28,-0.24066638946533203,0.4408139189305577,0.2903981241080997,1.7389109228029926,0.0,,0.023169311377643994,,277.033209674975,-277.47402359390554
Test,27,867.9676332473755,7.0,January 16,-0.24066638946533203,0.41493218440910523,0.27334782957128456,1.6368133507262546,0.0,,0.02214310531517845,,161.13905855728933,-161.55399074169844
Test,27,867.9676332473755,7.0,April 17,-0.24066638946533203,0.4227617983002026,0.27850580006364445,1.6676994015787099,0.0,,0.025221621195202305,,724.081643607904,-724.5044054062042
Train,28,901.1073219776154,7.0,February 28,-0.9413552284240723,0.4096121253342031,0.2698430963740119,1.61582692439528,0.0,,0.02296747574056246,,201.93339651044496,-202.34300863577917
Test,28,901.1073219776154,7.0,January 16,-0.9413552284240723,0.42617692483877606,0.2807556072902392,1.6811713011391578,0.0,,0.022046710916288764,,175.12102973178756,-175.54720665662634
Test,28,901.1073219776154,7.0,April 17,-0.9413552284240723,0.45818864997272885,0.3018441993903186,1.8074502957504104,0.0,,0.025702664284626423,,857.8117227280386,-858.2699113780113
Train,29,934.0706715583801,7.0,February 28,-3.915990114212036,0.41661338920542573,0.2744553688256655,1.6434453223093757,0.0,,0.023811898416192464,,217.88103889241415,-218.29765228161958
Test,29,934.0706715583801,7.0,January 16,-3.915990114212036,0.3806142311321316,0.2507399471363553,1.5014368091997317,0.0,,0.02186652012174709,,74.83973270836063,-75.22034693949276
Test,29,934.0706715583801,7.0,April 17,-3.915990114212036,0.43522994034061485,0.28671952677271256,1.7168833938485795,0.0,,0.024832811114943468,,759.6341971712184,-760.069427111559
Train,30,966.594110250473,7.0,February 28,-2.893103837966919,0.3992817530424766,0.26303768346388007,1.57507594888551,0.0,,0.0231191598735018,,196.76185699698385,-197.16113875002634
Test,30,966.594110250473,7.0,January 16,-2.893103837966919,0.3966705015022427,0.2613174506937856,1.5647751538550028,0.0,,0.021745458495037593,,131.6817265907248,-132.07839709222702
Test,30,966.594110250473,7.0,April 17,-2.893103837966919,0.40323777611772366,0.2656438209532933,1.5906815625945723,0.0,,0.025490857933879705,,703.6325156478729,-704.0357534239906
Train,31,999.5597233772278,7.0,February 28,1.7448015213012695,0.36326518111633954,0.2393107899267406,1.43299874207629,0.0,,0.022570798207376654,,147.11477765214016,-147.4780428332565
Test,31,999.5597233772278,7.0,January 16,1.7448015213012695,0.3897073370300281,0.25673027725449593,1.537307049428119,0.0,,0.02174836160760846,,84.24788874983095,-84.63759608686098
Test,31,999.5597233772278,7.0,April 17,1.7448015213012695,0.40795681643331577,0.2687526167430523,1.609297106245823,0.0,,0.025132055598351657,,759.1081227673767,-759.51607958381
Train,32,1032.1154437065125,7.0,February 28,2.772183895111084,0.40549482886452104,0.26713071566222885,1.5995851237259229,0.0,,0.0231542491116642,,215.3502506144416,-215.75574544330613
Test,32,1032.1154437065125,7.0,January 16,2.772183895111084,0.37271590909514335,0.24553671328950302,1.4702797202964242,0.0,,0.02185141513201589,,56.276908572982876,-56.64962448207802
Test,32,1032.1154437065125,7.0,April 17,2.772183895111084,0.34624118284201466,0.22809576936732298,1.3658429303432527,0.0,,0.024611744210426965,,514.699829780261,-515.046070963103
Train,33,1064.9803845882416,7.0,February 28,-3.92580246925354,0.3471286375323063,0.2286804042126041,1.369343737800024,0.0,,0.023253393419207295,,92.05123659024294,-92.39836522777524
Test,33,1064.9803845882416,7.0,January 16,-3.92580246925354,0.35306346648325704,0.23259013373847717,1.3927552918471677,0.0,,0.021620588302461084,,62.22169024524909,-62.57475371173235
Test,33,1064.9803845882416,7.0,April 17,-3.92580246925354,0.43009216449524545,0.2833348775964736,1.6966160335118181,0.0,,0.025227168007084518,,757.6868606816988,-758.1169528461941
Train,34,1098.1366140842438,7.0,February 28,5.283875942230225,0.3737450024729901,0.24621465646149646,1.4743392602484815,0.0,,0.022676890367504157,,152.90446956417566,-153.27821456664864
Test,34,1098.1366140842438,7.0,January 16,5.283875942230225,0.38202225004630175,0.25166751778198215,1.5069911244430063,0.0,,0.02203849756524495,,114.2231131459155,-114.60513539596181
Test,34,1098.1366140842438,7.0,April 17,5.283875942230225,0.38194080338264197,0.25161386258343704,1.5066698358289645,0.0,,0.025208751156917633,,590.7792686718365,-591.1612094752192
Train,35,1130.9473805427551,7.0,February 28,-0.3435389995574951,0.37036686673283364,0.24398921792656125,1.4610132809973724,0.0,,0.02273987232006652,,165.01514725639345,-165.38551412312628
Test,35,1130.9473805427551,7.0,January 16,-0.3435389995574951,0.3994617333365172,0.26315625036370177,1.5757859303215678,0.0,,0.021609581889473813,,126.15605145040527,-126.5555131837418
Test,35,1130.9473805427551,7.0,April 17,-0.3435389995574951,0.40115316392509154,0.2642705261360563,1.582458240335666,0.0,,0.025052886778488985,,648.0446711091845,-648.4458242731096
Train,36,1163.7789549827576,7.0,February 28,-3.226621150970459,0.36717128168726915,0.24188403961252058,1.4484074228294646,0.0,,0.022143404838178785,,141.2370825834812,-141.60425386516846
Test,36,1163.7789549827576,7.0,January 16,-3.226621150970459,0.4170344541669996,0.2747327567885167,1.645106328074949,0.0,,0.02235625203753665,,188.5549719705739,-188.9720064247409
Test,36,1163.7789549827576,7.0,April 17,-3.226621150970459,0.41052696264314703,0.27044577026195504,1.6194357500715861,0.0,,0.025456917813073143,,742.3910136174879,-742.8015405801311
Train,37,1196.4903309345245,7.0,February 28,-0.7582981586456299,0.3913471900925753,0.2578105749327813,1.543775897801087,0.0,,0.023231163985924216,,184.41730416618213,-184.8086513562747
Test,37,1196.4903309345245,7.0,January 16,-0.7582981586456299,0.42089541485398047,0.27727626935153754,1.6603369422247767,0.0,,0.022136964131586095,,148.1950774333202,-148.61597284817418
Test,37,1196.4903309345245,7.0,April 17,-0.7582981586456299,0.3931121409564178,0.25897328418036236,1.5507382286249247,0.0,,0.025019065156479937,,625.0838365301664,-625.4769486711228
Train,38,1229.5260815620422,7.0,February 28,0.44672584533691406,0.3889482293949087,0.2562301945126224,1.5343125419917503,0.0,,0.023326612940277613,,167.9434797372744,-168.33242796666931
Test,38,1229.5260815620422,7.0,January 16,0.44672584533691406,0.39477003016502943,0.2600654636590135,1.5572782255030753,0.0,,0.02183141533112595,,107.26202895939367,-107.65679898955871
Test,38,1229.5260815620422,7.0,April 17,0.44672584533691406,0.4414004401656369,0.29078451087834856,1.741224616038015,0.0,,0.025650379833427665,,829.2166643679294,-829.658064808095
Train,39,1262.7948024272919,7.0,February 28,-6.393503189086914,0.40115401518539007,0.26427108692686474,1.5824615983644605,0.0,,0.023724920201363676,,187.08379529128172,-187.48494930646712
Test,39,1262.7948024272919,7.0,January 16,-6.393503189086914,0.4078436799168856,0.26867808499455614,1.6088508083506325,0.0,,0.022025648422979757,,156.11564751683738,-156.52349119675426
Test,39,1262.7948024272919,7.0,April 17,-6.393503189086914,0.43240872538719377,0.2848609749099067,1.7057543407778841,0.0,,0.024831896366798285,,773.6994459849426,-774.1318547103298
Train,40,1295.3972256183624,7.0,February 28,-1.6385653018951416,0.4124468011706317,0.2717105159585623,1.6270090775961803,0.0,,0.02289176211415436,,199.8990525712844,-200.31149937245502
Test,40,1295.3972256183624,7.0,January 16,-1.6385653018951416,0.3694767054154006,0.2434028000172461,1.4575017965104564,0.0,,0.02154256325413699,,92.36534205789468,-92.73481876331007
Test,40,1295.3972256183624,7.0,April 17,-1.6385653018951416,0.41535049287733145,0.27362340161938625,1.6384634827508178,0.0,,0.025114356228845298,,720.8809424504213,-721.2962929432987
Train,41,1328.521422624588,7.0,February 28,-7.29850959777832,0.38844009691365056,0.25589544845988044,1.5323080746100635,0.0,,0.02236531700669729,,194.05832548641334,-194.446765583327
Test,41,1328.521422624588,7.0,January 16,-7.29850959777832,0.38540396721464143,0.2538953156798624,1.5203312316159416,0.0,,0.021559317518009512,,128.4457706545725,-128.83117462178714
Test,41,1328.521422624588,7.0,April 17,-7.29850959777832,0.38671532773530776,0.25475920998736257,1.5255042514213326,0.0,,0.025382738331472015,,659.5630567518047,-659.9497720795399
Train,42,1361.356495141983,7.0,February 28,-0.0586395263671875,0.3820833067212115,0.25170774052245487,1.5072319791763773,0.0,,0.02308144014071688,,151.17911884471607,-151.56120215143727
Test,42,1361.356495141983,7.0,January 16,-0.0586395263671875,0.3643816231517026,0.2400462763957964,1.4374028526694402,0.0,,0.021644972819394655,,78.36536393029189,-78.72974555344359
Test,42,1361.356495141983,7.0,April 17,-0.0586395263671875,0.43299315322201537,0.28524598259596307,1.7080597760237295,0.0,,0.024992410481695655,,743.570477412262,-744.003470565484
Train,43,1394.0428528785706,7.0,February 28,-1.7789795398712158,0.38051596260725945,0.25067521008052196,1.5010491621588136,0.0,,0.02270245529207528,,184.40790860415132,-184.78842456675858
Test,43,1394.0428528785706,7.0,January 16,-1.7789795398712158,0.3642690870462398,0.23997214018430787,1.4369589232593283,0.0,,0.02173801497215861,,83.64949956806966,-84.0137686551159
Test,43,1394.0428528785706,7.0,April 17,-1.7789795398712158,0.36286100539047356,0.23904452820595287,1.4314043605146871,0.0,,0.0248031374278943,,545.7819525145907,-546.1448135199812
Train,44,1427.0991480350494,7.0,February 28,6.570771217346191,0.39750582272969115,0.26186774120654244,1.5680703066260029,0.0,,0.02335914944711487,,190.4549809266246,-190.85248674935428
Test,44,1427.0991480350494,7.0,January 16,6.570771217346191,0.3774704666758546,0.24866890704089847,1.4890353715023859,0.0,,0.02187608344723674,,87.13487350251252,-87.51234396918838
Test,44,1427.0991480350494,7.0,April 17,6.570771217346191,0.4085693727641828,0.2691561548387318,1.6117135020283335,0.0,,0.025508816840796072,,727.941032649251,-728.3496020220152
Train,45,1459.9663836956024,7.0,February 28,-6.566034317016602,0.3478987356793368,0.2291877272522653,1.3723816003129667,0.0,,0.022060889199703042,,120.41710484602672,-120.76500358170605
Test,45,1459.9663836956024,7.0,January 16,-6.566034317016602,0.3687619827186855,0.24293195705727996,1.4546823775885018,0.0,,0.021716132933809706,,83.31310523914766,-83.68186722186634
Test,45,1459.9663836956024,7.0,April 17,-6.566034317016602,0.3845678874870661,0.25334452548457637,1.5170330867339903,0.0,,0.024682902247260843,,656.6001195524883,-656.9846874399753
Train,46,1492.857884645462,7.0,February 28,-5.367505073547363,0.3452183812544952,0.22742197108284298,1.3618082100769036,0.0,,0.023033990222355544,,104.15472983716043,-104.49994821841493
Test,46,1492.857884645462,7.0,January 16,-5.367505073547363,0.36135984310010033,0.23805559683517458,1.425482615779489,0.0,,0.02170211826878254,,98.03701528416674,-98.39837512726685
Test,46,1492.857884645462,7.0,April 17,-5.367505073547363,0.3609568445848325,0.2377901106337951,1.4238928780466755,0.0,,0.024823328406063962,,596.5214049984626,-596.8823618430474
Train,47,1525.9021744728088,7.0,February 28,2.0529253482818604,0.3400489593637531,0.22401647421596352,1.3414160132692436,0.0,,0.023105006529242186,,99.2764551076947,-99.61650406705846
Test,47,1525.9021744728088,7.0,January 16,2.0529253482818604,0.3756172287583659,0.2474480363023556,1.481724768277578,0.0,,0.021616517440630003,,88.26422059283945,-88.63983782159782
Test,47,1525.9021744728088,7.0,April 17,2.0529253482818604,0.39317484967363237,0.25901459524850756,1.550985600290464,0.0,,0.02492330111371102,,642.9801755991319,-643.3733504488056
Train,48,1558.4726076126099,7.0,February 28,-3.009953737258911,0.3415396692019493,0.22499851975039645,1.3472965254514762,0.0,,0.021791806675543656,,107.65242853430745,-107.9939682035094
Test,48,1558.4726076126099,7.0,January 16,-3.009953737258911,0.3412977794821706,0.22483916833736678,1.3463423253734532,0.0,,0.021256664545014924,,59.87874752765322,-60.220045307135386
Test,48,1558.4726076126099,7.0,April 17,-3.009953737258911,0.3888204193791357,0.2561459961984838,1.5338083604699624,0.0,,0.024814484851023718,,625.4042360424944,-625.7930564618736
Train,49,1591.363802433014,7.0,February 28,-2.017878532409668,0.3353717749711992,0.2209352521506519,1.3229655817404309,0.0,,0.022507894522035048,,84.94276604295818,-85.27813781792938
Test,49,1591.363802433014,7.0,January 16,-2.017878532409668,0.3701502592446772,0.24384652186927464,1.460158813588471,0.0,,0.021712613472391454,,126.21416398653088,-126.58431424577556
Test,49,1591.363802433014,7.0,April 17,-2.017878532409668,0.3741782834096022,0.2465000920292055,1.4760484552647044,0.0,,0.025289681383550634,,534.4526179240116,-534.8267962074212
Train,50,1623.8608677387238,7.0,February 28,-16.133853912353516,0.35652548688317126,0.23487083356800623,1.4064121770539308,0.0,,0.023059014051436743,,125.38592795342826,-125.74245344031144
Test,50,1623.8608677387238,7.0,January 16,-16.133853912353516,0.35094355399813637,0.23119358389620812,1.3843927179413658,0.0,,0.021616543259689678,,93.53264847227089,-93.88359202626903
Test,50,1623.8608677387238,7.0,April 17,-16.133853912353516,0.3570630009469856,0.23522493553509521,1.4085325481143425,0.0,,0.024569057536747915,,524.9654713381477,-525.3225343390947
Train,51,1657.1804184913635,7.0,February 28,2.2554523944854736,0.3998160011237297,0.26338963387638265,1.5771834363855237,0.0,,0.02250879501042435,,208.10732888557223,-208.50714488669595
Test,51,1657.1804184913635,7.0,January 16,2.2554523944854736,0.31850480649763746,0.20982367923118522,1.2564292169532052,0.0,,0.021208532151725256,,34.11221741605581,-34.43072222255345
Test,51,1657.1804184913635,7.0,April 17,2.2554523944854736,0.37775567513263747,0.24885679584674697,1.4901604541721378,0.0,,0.024382629628416808,,567.5828678129642,-567.9606234880969
Train,52,1690.0784957408905,7.0,February 28,-4.907968521118164,0.3528642748772266,0.23245891086586515,1.3919695261429048,0.0,,0.02261208263618512,,134.80329572025414,-135.15615999513136
Test,52,1690.0784957408905,7.0,January 16,-4.907968521118164,0.2727968233400107,0.17971230571117056,1.0761215910848547,0.0,,0.020857176322503956,,36.15533767144941,-36.42813449478942
Test,52,1690.0784957408905,7.0,April 17,-4.907968521118164,0.3744885011181718,0.24670445635792784,1.477272193760046,0.0,,0.02463025471429199,,526.8580151766839,-527.2325036778021
Train,53,1722.5832526683807,7.0,February 28,-1.1389338970184326,0.28070459682314614,0.18492176595449866,1.1073159637993921,0.0,,0.021326602659810786,,22.7029199907074,-22.983624587530546
Test,53,1722.5832526683807,7.0,January 16,-1.1389338970184326,0.2745416025242522,0.18086172631775188,1.0830043492080936,0.0,,0.02105096802684661,,43.3710287603546,-43.64557036287885
Test,53,1722.5832526683807,7.0,April 17,-1.1389338970184326,0.329767918886759,0.21724355997668124,1.3008596405789306,0.0,,0.024006137916067486,,449.6424858996145,-449.97225381850126
Train,54,1755.4931728839874,7.0,February 28,-5.146941184997559,0.30687897149813087,0.20216484512894614,1.2105679349038698,0.0,,0.022105157015230224,,67.05681114958172,-67.36369012107986
Test,54,1755.4931728839874,7.0,January 16,-5.146941184997559,0.305094419936292,0.20098922338998312,1.2035282837723544,0.0,,0.021239494132826463,,44.29907001466745,-44.60416443460374
Test,54,1755.4931728839874,7.0,April 17,-5.146941184997559,0.3117347895144756,0.20536374693853057,1.2297230355600615,0.0,,0.023920724972489506,,377.0283963419055,-377.34013113142
Train,55,1788.1003189086914,7.0,February 28,-9.042194366455078,0.26229553995928245,0.17279430048599664,1.0346964100957883,0.0,,0.02166609677959457,,30.473301661405536,-30.73559720136482
Test,55,1788.1003189086914,7.0,January 16,-9.042194366455078,0.27439698550493985,0.1807664559342207,1.0824338678695844,0.0,,0.021161002088456362,,50.464445606537076,-50.73884259204202
Test,55,1788.1003189086914,7.0,April 17,-9.042194366455078,0.29771561273803476,0.19612823403255125,1.174420563069169,0.0,,0.02457771132898382,,378.32460014422446,-378.6223157569625
Train,56,1821.1175601482391,7.0,February 28,-20.994447708129883,0.2541523510300515,0.1674297539330122,1.0025733768443845,0.0,,0.021843389944361514,,21.654046860453533,-21.908199211483584
Test,56,1821.1175601482391,7.0,January 16,-20.994447708129883,0.22184125563914522,0.1461439435571488,0.8751134344739454,0.0,,0.02044542003816839,,129.94602338793158,-130.1678646435707
Test,56,1821.1175601482391,7.0,April 17,-20.994447708129883,0.2553879582404705,0.1682437436929331,1.0074475670235516,0.0,,0.0238192626487577,,283.24756877040744,-283.5029567286479
Train,57,1853.8900697231293,7.0,February 28,7.374236106872559,0.25375762103824756,0.16716971484570922,1.0010162565611334,0.0,,0.021696940020408416,,43.6046140919628,-43.85837171300105
Test,57,1853.8900697231293,7.0,January 16,7.374236106872559,0.25812247324287557,0.17004517961167737,1.0182346084531586,0.0,,0.020728274206109627,,84.58296988733296,-84.84109236057584
Test,57,1853.8900697231293,7.0,April 17,7.374236106872559,0.27461164883067457,0.18090787122178537,1.0832806659987162,0.0,,0.024135196454025586,,309.65215941138547,-309.92677106021614
Train,58,1886.2557401657104,7.0,February 28,16.67591094970703,0.25656754786996316,0.1690208303522043,1.0121007805521223,0.0,,0.022076682810139917,,45.937493469901256,-46.19406101777122
Test,58,1886.2557401657104,7.0,January 16,16.67591094970703,0.21238750235452053,0.13991602719212975,0.8378205221085617,0.0,,0.02038697558051067,,115.81683090210825,-116.02921840446277
Test,58,1886.2557401657104,7.0,April 17,16.67591094970703,0.2601689264445527,0.17139333615873867,1.0263074021481366,0.0,,0.023900612064580076,,247.61469411807417,-247.87486304451872
Train,59,1919.0711619853973,7.0,February 28,-24.041025161743164,0.25978114180968315,0.17113787251367685,1.0247776797226154,0.0,,0.021281214108366118,,23.127887224529307,-23.38766836633899
Test,59,1919.0711619853973,7.0,January 16,-24.041025161743164,0.24451936664812327,0.16108376422184062,0.9645734384541341,0.0,,0.02096918689504323,,81.40725811744028,-81.6517774840884
Test,59,1919.0711619853973,7.0,April 17,-24.041025161743164,0.26161846560125857,0.17234825939017798,1.0320255053304082,0.0,,0.024148824970298778,,279.3017004278545,-279.56331889345574
Train,60,1951.7399325370789,7.0,February 28,-4.418297290802002,0.2634428045054883,0.17355009211998623,1.0392221085029114,0.0,,0.02178359482262442,,17.379199006207333,-17.64264181071282
Test,60,1951.7399325370789,7.0,January 16,-4.418297290802002,0.23854785558374775,0.1571498693589184,0.9410171817899318,0.0,,0.02056013660658482,,90.8822748262613,-91.12082268184504
Test,60,1951.7399325370789,7.0,April 17,-4.418297290802002,0.22543631753362584,0.14851228807935118,0.8892951381997076,0.0,,0.024374117195881093,,205.9282737890485,-206.1537101065821
Train,61,1984.5611746311188,7.0,February 28,-25.144601821899414,0.25718168233390654,0.1694254080858476,1.0145234017116618,0.0,,0.021741850392782015,,41.81101535199869,-42.0681970343326
Test,61,1984.5611746311188,7.0,January 16,-25.144601821899414,0.24089130596819625,0.15869368085478808,0.9502615620047187,0.0,,0.020804257177839992,,101.60625722955565,-101.84714853552384
Test,61,1984.5611746311188,7.0,April 17,-25.144601821899414,0.24764570900298244,0.1631433270354952,0.9769061499131451,0.0,,0.024198130073912513,,253.68541570142642,-253.93306141042942
Train,62,2017.3334186077118,7.0,February 28,-16.588899612426758,0.2569722480128994,0.1692874375469592,1.0136972308201153,0.0,,0.02201696361802584,,32.685379395690596,-32.942351643703496
Test,62,2017.3334186077118,7.0,January 16,-16.588899612426758,0.24005050495295913,0.15813978038321166,0.9469447927138418,0.0,,0.020727486586982088,,47.863980107462964,-48.104030612415926
Test,62,2017.3334186077118,7.0,April 17,-16.588899612426758,0.2306034293919436,0.15191626314972217,0.9096782224534266,0.0,,0.025049969791238833,,223.01340925863772,-223.24401268802967
Train,63,2049.3092901706696,7.0,February 28,3.1283650398254395,0.23665444609865402,0.15590253451075042,0.9335481108428173,0.0,,0.020953682777681306,,38.63316804434642,-38.869822490445074
Test,63,2049.3092901706696,7.0,January 16,3.1283650398254395,0.20594399894227888,0.13567119456946955,0.8124023626914352,0.0,,0.020300934467012033,,154.60316466000424,-154.8091086589465
Test,63,2049.3092901706696,7.0,April 17,3.1283650398254395,0.2374560976490099,0.15643064421059033,0.9367104443747923,0.0,,0.023658321074467664,,224.1737859582681,-224.4112420559171
Train,64,2082.153285264969,7.0,February 28,-13.28061294555664,0.1910510445223874,0.12586005694374225,0.753653035591272,0.0,,0.021577988757024723,,46.18429683078502,-46.37534787530741
Test,64,2082.153285264969,7.0,January 16,-13.28061294555664,0.1929581094800381,0.1271163877047982,0.761175974280229,0.0,,0.020492047458929,,195.5271156130996,-195.72007372257963
Test,64,2082.153285264969,7.0,April 17,-13.28061294555664,0.20308996114423256,0.13379101976760097,0.8011438309437174,0.0,,0.02474194127647902,,140.47019190401838,-140.6732818651626
Train,65,2114.5264177322388,7.0,February 28,17.010833740234375,0.20442968556144242,0.13467359956118685,0.8064287398873464,0.0,,0.021584411390941877,,69.65666206506215,-69.86109175062359
Test,65,2114.5264177322388,7.0,January 16,17.010833740234375,0.1876295041897089,0.12360602445633673,0.7401558350678843,0.0,,0.020284230645084583,,184.3968856604348,-184.58451516462452
Test,65,2114.5264177322388,7.0,April 17,17.010833740234375,0.211306124266328,0.1392036400492179,0.8335547308336398,0.0,,0.023188370570852004,,188.19303122023936,-188.40433734450568
Train,66,2147.1829192638397,7.0,February 28,-8.83485221862793,0.20100406807464266,0.13241688113793007,0.7929154559157492,0.0,,0.02102850052912376,,52.03136516140062,-52.23236922947527
Test,66,2147.1829192638397,7.0,January 16,-8.83485221862793,0.1910367407735702,0.12585063396128687,0.753596610546628,0.0,,0.020217240119666476,,178.34490512122906,-178.53594186200263
Test,66,2147.1829192638397,7.0,April 17,-8.83485221862793,0.18631635657092308,0.12274095284948379,0.7349757655657716,0.0,,0.024205372528985077,,123.48694448031466,-123.67326083688559
Train,67,2179.7226598262787,7.0,February 28,17.955888748168945,0.19314769262523365,0.1272412807432504,0.7619238367859307,0.0,,0.021790916361001687,,46.12645506081875,-46.31960275344398
Test,67,2179.7226598262787,7.0,January 16,17.955888748168945,0.17892489810509768,0.11787162912643502,0.7058181384816468,0.0,,0.020157865321160512,,247.25801098582093,-247.43693588392603
Test,67,2179.7226598262787,7.0,April 17,17.955888748168945,0.2074975445968442,0.13669463490206296,0.8185307479165445,0.0,,0.023360818708930066,,175.47164097585755,-175.6791385204544
Train,68,2211.979374408722,7.0,February 28,-9.04830551147461,0.18633480432991248,0.12275310581102693,0.7350485377905812,0.0,,0.02133874402484824,,56.267725869219845,-56.454060673549755
Test,68,2211.979374408722,7.0,January 16,-9.04830551147461,0.20752757548010825,0.1367144185608602,0.8186492129392827,0.0,,0.020272495420717872,,116.91653242114283,-117.12405999662295
Test,68,2211.979374408722,7.0,April 17,-9.04830551147461,0.2240206268947851,0.14757966347703788,0.8837105597427422,0.0,,0.02342538334019878,,173.0037159399903,-173.22773656688508
Train,69,2244.814023733139,7.0,February 28,1.9939631223678589,0.23186096973029555,0.15274470195250234,0.9146389338473199,0.0,,0.021301201769102707,,27.00774281171332,-27.239603781443616
Test,69,2244.814023733139,7.0,January 16,1.9939631223678589,0.21875114339988455,0.14410824831471675,0.8629236426030952,0.0,,0.020469457194746233,,141.4948462078319,-141.71359735123178
Test,69,2244.814023733139,7.0,April 17,1.9939631223678589,0.21173176159214258,0.139484040181017,0.8352337735390246,0.0,,0.02266909137053401,,152.49897319439035,-152.7107049559825
Train,70,2277.747283935547,7.0,February 28,8.486778259277344,0.19022626838973183,0.12531671329816643,0.7503994808273441,0.0,,0.020992968935298752,,64.18364230131036,-64.3738685697001
Test,70,2277.747283935547,7.0,January 16,8.486778259277344,0.19372267647210656,0.12762006694612155,0.7641920176414457,0.0,,0.02063190191543682,,158.198433449058,-158.3921561255301
Test,70,2277.747283935547,7.0,April 17,8.486778259277344,0.21308396805448435,0.14037484286035046,0.8405679213194647,0.0,,0.022610184815179606,,155.3982802837546,-155.61136425180908
Train,71,2310.5102322101593,7.0,February 28,-10.126518249511719,0.20383300791925524,0.13428052198231014,0.8040749819300008,0.0,,0.021505272783778732,,30.444858158897627,-30.64869116681688
Test,71,2310.5102322101593,7.0,January 16,-10.126518249511719,0.2543478972380302,0.16755857530079288,1.0033447622801963,0.0,,0.020700000134910575,,87.95996867540433,-88.21431657264236
Test,71,2310.5102322101593,7.0,April 17,-10.126518249511719,0.2522102456996889,0.1661503393761264,0.9949122118330921,0.0,,0.023904316417476635,,258.311458231,-258.5636684766997
Train,72,2343.1613483428955,7.0,February 28,-19.936138153076172,0.24309940417643608,0.1601483254337862,0.9589720085855461,0.0,,0.021286651768729566,,24.099104718308183,-24.34220412248462
Test,72,2343.1613483428955,7.0,January 16,-19.936138153076172,0.234171155383714,0.1542665994046557,0.9237520922434483,0.0,,0.020613575698472903,,73.68049052434364,-73.91466167972736
Test,72,2343.1613483428955,7.0,April 17,-19.936138153076172,0.19800223580568257,0.13043934272011426,0.7810739085036783,0.0,,0.02313533869698917,,177.75218211337642,-177.9501843491821
Train,73,2376.0425543785095,7.0,February 28,-17.081056594848633,0.2103982009493706,0.13860552094100528,0.8299731792874564,0.0,,0.021441266658417273,,26.901473252165047,-27.111871453114418
Test,73,2376.0425543785095,7.0,January 16,-17.081056594848633,0.1729105542737803,0.11390951701665204,0.6820929162673776,0.0,,0.020060318550633813,,204.46492664807903,-204.6378372023528
Test,73,2376.0425543785095,7.0,April 17,-17.081056594848633,0.22068617468567794,0.14538300265289233,0.8705569021131278,0.0,,0.024652318323013418,,243.1877342668683,-243.40842044155397
Train,74,2408.650515794754,7.0,February 28,1.1787893772125244,0.22181982470901196,0.1461298253507099,0.8750288943156281,0.0,,0.021067724272146857,,30.20900603584955,-30.430825860558564
Test,74,2408.650515794754,7.0,January 16,1.1787893772125244,0.20597882911039914,0.13569413988732404,0.8125397598043352,0.0,,0.020423922909073303,,171.0532346738144,-171.25921350292478
Test,74,2408.650515794754,7.0,April 17,1.1787893772125244,0.1990589796914321,0.13113550141407945,0.7852425234376023,0.0,,0.023346302025981435,,147.23221750919834,-147.43127648888978
Train,75,2441.0124447345734,7.0,February 28,-9.896110534667969,0.24020587320718717,0.1582421334343205,0.9475576852354527,0.0,,0.02111933852577185,,22.704306304877143,-22.94451217808433
Test,75,2441.0124447345734,7.0,January 16,-9.896110534667969,0.20369961900174643,0.13419264841535153,0.8035487929062969,0.0,,0.020760911078294853,,155.80474431989043,-156.00844393889219
Test,75,2441.0124447345734,7.0,April 17,-9.896110534667969,0.20406074475766758,0.13443054980090907,0.8049733521012528,0.0,,0.02266111015731955,,162.50540518450816,-162.70946592926583
Train,76,2473.679629802704,7.0,February 28,-11.088245391845703,0.22873603837017029,0.15068606866989523,0.9023117884424854,0.0,,0.02123809280619102,,12.713588118143111,-12.942324156513282
Test,76,2473.679629802704,7.0,January 16,-11.088245391845703,0.23948990322125302,0.1577704687887543,0.9447333460404459,0.0,,0.020724798159027752,,55.99546734179701,-56.234957245018265
Test,76,2473.679629802704,7.0,April 17,-11.088245391845703,0.22377254503489868,0.1474162328237793,0.8827319330765225,0.0,,0.023647822854262958,,237.63413951403348,-237.85791205906838
Train,77,2506.6904838085175,7.0,February 28,-22.41277313232422,0.23497709709065756,0.1547975353614981,0.9269313494700484,0.0,,0.021643308442909914,,19.383060547118802,-19.61803764420946
Test,77,2506.6904838085175,7.0,January 16,-22.41277313232422,0.2300899195073398,0.15157797458668934,0.9076525424352647,0.0,,0.02068252009450649,,80.0511122698914,-80.28120218939874
Test,77,2506.6904838085175,7.0,April 17,-22.41277313232422,0.262212353902482,0.17273949941504707,1.0343682599703419,0.0,,0.023989576964746163,,313.93750421395424,-314.19971656785674
Train,78,2538.99991440773,7.0,February 28,-12.27656078338623,0.28668539461083875,0.18886177869826443,1.1309088544806256,0.0,,0.02139089934554171,,29.407682720189392,-29.69436811480023
Test,78,2538.99991440773,7.0,January 16,-12.27656078338623,0.2781962283425137,0.1832693101901372,1.0974210191026172,0.0,,0.021000586341333033,,50.75535065026506,-51.033546878607574
Test,78,2538.99991440773,7.0,April 17,-12.27656078338623,0.26058592926700896,0.17166804807727984,1.027952383696288,0.0,,0.02342309748663195,,308.1664645624747,-308.4270504917417
Train,79,2571.8241152763367,7.0,February 28,-17.35818099975586,0.24035443140229062,0.15834000017428998,0.9481437136185037,0.0,,0.021450106979915444,,16.4868373467886,-16.727191778190893
Test,79,2571.8241152763367,7.0,January 16,-17.35818099975586,0.26270817270449276,0.17306613349763436,1.0363241526804448,0.0,,0.021275004399307327,,48.9497222377724,-49.21243041047689
Test,79,2571.8241152763367,7.0,April 17,-17.35818099975586,0.2657517893195045,0.17507119848661654,1.048330529859978,0.0,,0.023295136415211946,,286.3764603999498,-286.6422121892693
Train,80,2604.66867518425,7.0,February 28,-20.103919982910156,0.2432765245614594,0.160265008290981,0.9596707083292277,0.0,,0.0212682747039138,,25.704635593724475,-25.947912118285934
Test,80,2604.66867518425,7.0,January 16,-20.103919982910156,0.26417317948590163,0.17403124644633355,1.0421032721337322,0.0,,0.021211690388216284,,26.090192724094777,-26.35436590358068
Test,80,2604.66867518425,7.0,April 17,-20.103919982910156,0.2770697534490792,0.1825272143037325,1.0929773311600757,0.0,,0.02437959282602748,,320.59402562572586,-320.87109537917496
Train,81,2636.970254421234,7.0,February 28,-18.05788230895996,0.2697601083389652,0.17771178734756282,1.064142439206963,0.0,,0.021434875446623536,,22.846460743903158,-23.116220852242122
Test,81,2636.970254421234,7.0,January 16,-18.05788230895996,0.22144004313116733,0.1458796339365086,0.8735307421347823,0.0,,0.02096717062957422,,107.32880812457663,-107.55024816770779
Test,81,2636.970254421234,7.0,April 17,-18.05788230895996,0.28238169132208,0.18602659743900316,1.1139317211916355,0.0,,0.024063658974403726,,371.3831395644688,-371.6655212557909
Train,82,2669.842983484268,7.0,February 28,-25.330547332763672,0.27671953527037274,0.1822964985804822,1.0915957998831258,0.0,,0.0217619914335427,,49.010785196909644,-49.28750473218002
Test,82,2669.842983484268,7.0,January 16,-25.330547332763672,0.24243778564080012,0.15971246628013258,0.9563620735337285,0.0,,0.02131593025815853,,67.79062057417275,-68.03305835981355
Test,82,2669.842983484268,7.0,April 17,-25.330547332763672,0.2750180276764595,0.1811755843075688,1.0848837383686751,0.0,,0.024083269499402912,,352.8369260577907,-353.1119440854672
Train,83,2702.26554274559,7.0,February 28,-19.871604919433594,0.28098496815919916,0.18510646817588253,1.1084219651250438,0.0,,0.022083266561562755,,43.60274485533732,-43.88372982349652
Test,83,2702.26554274559,7.0,January 16,-19.871604919433594,0.21679500585871334,0.14281958965840275,0.855207123703011,0.0,,0.02117068127590931,,100.86065997075166,-101.07745497661037
Test,83,2702.26554274559,7.0,April 17,-19.871604919433594,0.2564968920332744,0.16897428390357727,1.0118220593028568,0.0,,0.023774174603576132,,329.65886737516917,-329.91536426720245
Train,84,2735.0323691368103,7.0,February 28,-22.128190994262695,0.2488298202464709,0.16392339243061393,0.9815772001833172,0.0,,0.021741892657148897,,29.97053595503908,-30.21936577528555
Test,84,2735.0323691368103,7.0,January 16,-22.128190994262695,0.2449790199331093,0.16138657328926703,0.9663866664027971,0.0,,0.021248499863607304,,95.8438089648458,-96.08878798477892
Test,84,2735.0323691368103,7.0,April 17,-22.128190994262695,0.23630236968047777,0.15567059462185318,0.9321592492326538,0.0,,0.02330845572582705,,236.04881836455831,-236.2851207342388
Train,85,2767.7418024539948,7.0,February 28,-33.43186950683594,0.26238750632092966,0.17285488582088854,1.0350591965322669,0.0,,0.02151331236945322,,32.44410569615882,-32.70649320247975
Test,85,2767.7418024539948,7.0,January 16,-33.43186950683594,0.24283025808082773,0.15997101814397713,0.9579102882872891,0.0,,0.021153451157475946,,57.711549724669574,-57.9543799827504
Test,85,2767.7418024539948,7.0,April 17,-33.43186950683594,0.21702355585134595,0.14297015316439754,0.8561087015832185,0.0,,0.023258023973204006,,206.85449444710684,-207.0715180029582
Train,86,2800.023976802826,7.0,February 28,-12.926395416259766,0.22649960418836737,0.14921275699983155,0.8934895628732433,0.0,,0.020947911871972306,,15.605079318750168,-15.831578922938535
Test,86,2800.023976802826,7.0,January 16,-12.926395416259766,0.2023912711335617,0.13333073877437776,0.7983876573316039,0.0,,0.020555729786401716,,116.4159253653373,-116.61831663647087
Test,86,2800.023976802826,7.0,April 17,-12.926395416259766,0.23008434454736862,0.15157430193061347,0.907630550482715,0.0,,0.02313212413531235,,222.07018973272696,-222.30027407727434
Train,87,2832.774156808853,7.0,February 28,-17.40395736694336,0.2254879610781797,0.1485463096649152,0.8894988602689531,0.0,,0.02179840433917724,,19.833014379336287,-20.058502340414467
Test,87,2832.774156808853,7.0,January 16,-17.40395736694336,0.20312809612503688,0.1338161422204384,0.8012942647930441,0.0,,0.020744386061965724,,143.92157804542546,-144.1247061415505
Test,87,2832.774156808853,7.0,April 17,-17.40395736694336,0.2416642186539697,0.15920285804817713,0.9533105272345936,0.0,,0.023574590943802237,,286.90631428352344,-287.1479785021774
Train,88,2865.379974126816,7.0,February 28,-17.311817169189453,0.2278619722574285,0.15011025391317764,0.8988637958872916,0.0,,0.02142747686431368,,20.606621911578152,-20.83448388383558
Test,88,2865.379974126816,7.0,January 16,-17.311817169189453,0.22242911101155513,0.146531209226547,0.877432390578126,0.0,,0.02074068583315685,,89.23381296467632,-89.45624207568787
Test,88,2865.379974126816,7.0,April 17,-17.311817169189453,0.2248092558655759,0.14809919419941286,0.8868215221521727,0.0,,0.022915465462908246,,204.99113150349945,-205.21594075936503
Train,89,2898.0107266902924,7.0,February 28,-35.89716339111328,0.24274832410479852,0.15991704191519274,0.9575870773364833,0.0,,0.021754740759192277,,29.051468776209635,-29.294217100314434
Test,89,2898.0107266902924,7.0,January 16,-35.89716339111328,0.22285666524958114,0.14681287217625263,0.8791189950673804,0.0,,0.020919765632275482,,99.84427560462495,-100.06713226987453
Test,89,2898.0107266902924,7.0,April 17,-35.89716339111328,0.2460295871384479,0.1620786629274982,0.9705309157335223,0.0,,0.023636294098545316,,261.43483319596766,-261.6808627831061
Train,90,2931.024929046631,7.0,February 28,-24.17805290222168,0.2445160606873919,0.16108158633054995,0.9645603971889214,0.0,,0.021808347750163035,,18.226413528681764,-18.470929589369156
Test,90,2931.024929046631,7.0,January 16,-24.17805290222168,0.2630737188513192,0.17330694693558296,1.0377661493148684,0.0,,0.021117158956226362,,54.29710034911028,-54.5601740679616
Test,90,2931.024929046631,7.0,April 17,-24.17805290222168,0.2866973102373794,0.18886962844040373,1.130955858924573,0.0,,0.023951920596778538,,463.09412160147775,-463.38081891171515
Train,91,2963.36021733284,7.0,February 28,-14.981218338012695,0.24486902117816303,0.16131410862624532,0.9659527462649418,0.0,,0.02131204191359675,,12.665002003883417,-12.90987102506158
Test,91,2963.36021733284,7.0,January 16,-14.981218338012695,0.22940370218980832,0.1511259103183351,0.9049455707684743,0.0,,0.021021739830836737,,81.99013469165943,-82.21953839384925
Test,91,2963.36021733284,7.0,April 17,-14.981218338012695,0.21296601701464232,0.14029713941398508,0.8401026312214688,0.0,,0.02329012649402367,,202.3463276646211,-202.55929368163575
Train,92,2996.2690613269806,7.0,February 28,-32.629520416259766,0.2264619458293885,0.1491879485345477,0.8933410091889092,0.0,,0.021355889530823315,,11.089522150376837,-11.315984096206225
Test,92,2996.2690613269806,7.0,January 16,-32.629520416259766,0.24538501269256713,0.161654032030212,0.967988215749771,0.0,,0.02109696275829398,,62.18613366143046,-62.431518674123026
Test,92,2996.2690613269806,7.0,April 17,-32.629520416259766,0.2598577975024052,0.1711883715301839,1.0250800690430186,0.0,,0.023652300917083435,,322.09688797567514,-322.3567457731775
Train,93,3028.893382549286,7.0,February 28,-20.86090087890625,0.24027208636285205,0.15828575314633628,0.9478188811157873,0.0,,0.021966770569187728,,25.580521226815648,-25.820793313178502
Test,93,3028.893382549286,7.0,January 16,-20.86090087890625,0.2524100856707258,0.16628198937676997,0.9957005351902407,0.0,,0.021500251062647153,,82.43630428565523,-82.68871437132596
Test,93,3028.893382549286,7.0,April 17,-20.86090087890625,0.2256879035443978,0.14867802718703904,0.8902875879463422,0.0,,0.023255959325315243,,231.11862904898564,-231.34431695253005
Train,94,3061.371615409851,7.0,February 28,-29.160423278808594,0.26641274064431864,0.1755066180970462,1.0509378329164443,0.0,,0.021727663261584113,,34.55125176908632,-34.81766450973064
Test,94,3061.371615409851,7.0,January 16,-29.160423278808594,0.26117379050871525,0.17205531761323647,1.0302713629535118,0.0,,0.02150640288173081,,81.1018958259257,-81.36306961643442
Test,94,3061.371615409851,7.0,April 17,-29.160423278808594,0.23980152188813175,0.15797575603675731,0.9459626109985465,0.0,,0.023022197438160856,,253.43115997182971,-253.67096149371784
Train,95,3094.248693227768,7.0,February 28,-33.551513671875,0.23516267305875305,0.1549197885633598,0.9276634045710165,0.0,,0.021413869775687596,,22.83706687201109,-23.072229545069842
Test,95,3094.248693227768,7.0,January 16,-33.551513671875,0.2513200061963905,0.16556386995975236,0.9914004189206724,0.0,,0.021060623147547294,,72.48274863579479,-72.73406864199119
Test,95,3094.248693227768,7.0,April 17,-33.551513671875,0.23990775901227762,0.15804574262347282,0.9463816923561251,0.0,,0.02362926633615864,,279.95052095061743,-280.1904287096297
Train,96,3126.3849925994873,7.0,February 28,-30.73215675354004,0.2638254921920873,0.1738021980121441,1.0407317246236174,0.0,,0.021867802623470763,,35.0553627629185,-35.31918825511059
Test,96,3126.3849925994873,7.0,January 16,-30.73215675354004,0.2317282537279482,0.15265727168665616,0.9141153993212939,0.0,,0.020849822752866835,,80.46162696492347,-80.69335521865142
Test,96,3126.3849925994873,7.0,April 17,-30.73215675354004,0.24555181818345614,0.16176391967115258,0.9686462255757637,0.0,,0.023777667011586186,,266.5696476688263,-266.81519948700975
Train,97,3159.2499051094055,7.0,February 28,-39.06206512451172,0.24233386645566973,0.1596440066986068,0.9559521359198011,0.0,,0.0220077519477898,,15.484747733025308,-15.727081599480979
Test,97,3159.2499051094055,7.0,January 16,-39.06206512451172,0.2428842970191251,0.16000661776013375,0.9581234596415186,0.0,,0.021229770835283,,106.99738335044954,-107.24026764746867
Test,97,3159.2499051094055,7.0,April 17,-39.06206512451172,0.21741949477869268,0.1432309886707758,0.8576705908429685,0.0,,0.022990875210010035,,211.04426773221925,-211.26168722699794
Train,98,3191.6549999713898,7.0,February 28,-33.5181999206543,0.2273559280177686,0.14977688354622215,0.896867566145043,0.0,,0.02152377551165172,,19.09272695989646,-19.32008288791423
Test,98,3191.6549999713898,7.0,January 16,-33.5181999206543,0.20653468128645597,0.13606032258318798,0.8147324705580118,0.0,,0.020640517292442255,,127.56575152586277,-127.77228620714922
Test,98,3191.6549999713898,7.0,April 17,-33.5181999206543,0.2215188544368048,0.14593155302148472,0.87384163485919,0.0,,0.023095214811071477,,210.60411228049725,-210.82563113493404
Train,99,3224.3087751865387,7.0,February 28,-46.872581481933594,0.20047787316861512,0.13207023597301265,0.7908397363653452,0.0,,0.02165444813569728,,20.20707571339907,-20.407553586567687
Test,99,3224.3087751865387,7.0,January 16,-46.872581481933594,0.19570072110868292,0.1289231574956608,0.771994955063838,0.0,,0.02051504805312089,,135.28722073361078,-135.48292145471947
Test,99,3224.3087751865387,7.0,April 17,-46.872581481933594,0.18318390538508406,0.12067736567774759,0.7226189561541773,0.0,,0.021786742089498986,,99.87123415315519,-100.05441805854026
Train,100,3256.7194871902466,7.0,February 28,-34.96307373046875,0.17644221149521191,0.11623609199092858,0.6960245029396912,0.0,,0.020476345004612734,,55.901075469122986,-56.0775176806182
Test,100,3256.7194871902466,7.0,January 16,-34.96307373046875,0.2068827677869827,0.13628963400562552,0.8161055928480575,0.0,,0.020804692952948154,,123.57680778695864,-123.78369055474562
Test,100,3256.7194871902466,7.0,April 17,-34.96307373046875,0.1902930107630184,0.12536068164664324,0.7506627643511566,0.0,,0.023208748818951283,,161.59622023605297,-161.78651324681599
