,Type,episode,time_steps,Length,Date,Loss,cost_tot,emis_tot,ener_tot,idis_tot,pdih_tot,pele_tot,pgas_tot,tdis_tot,extrinsic_reward
0,Train,2,21.99728227,7,28-Feb,0.951211452,0.481436945,0.33649526,2.014941678,0,,0.024043879,,423.172487,-423.653924
1,Test,2,21.99728227,7,16-Jan,0.951211452,0.477448458,0.299569512,1.793829411,0,,0.022182778,,224.1136815,-224.59113
2,Test,2,21.99728227,7,17-Apr,0.951211452,0.438633975,0.320910365,1.921618952,0,,0.025602678,,960.9809089,-961.4195429
3,Train,3,47.09571767,7,28-Feb,-0.439986348,0.4299999,0.299489428,1.793349867,0,,0.02383831,,296.2604725,-296.6904724
4,Test,3,47.09571767,7,16-Jan,-0.439986348,0.453103495,0.284232582,1.70199151,0,,0.022206616,,180.6455803,-181.0986838
5,Test,3,47.09571767,7,17-Apr,-0.439986348,0.431092173,0.315357757,1.8883698,0,,0.026116371,,921.5585667,-921.9896588
6,Train,4,72.90999556,7,28-Feb,1.582984924,0.424583882,0.298118998,1.785143702,0,,0.023769195,,290.8816839,-291.3062677
7,Test,4,72.90999556,7,16-Jan,1.582984924,0.441401213,0.277077886,1.659149015,0,,0.021864737,,150.6851611,-151.1265623
8,Test,4,72.90999556,7,17-Apr,1.582984924,0.42853491,0.313130643,1.875033788,0,,0.025612161,,936.2903545,-936.7188894
9,Train,5,98.43126273,7,28-Feb,0.266046047,0.446525394,0.312826724,1.873213915,0,,0.023702472,,359.6201162,-360.0666416
10,Test,5,98.43126273,7,16-Jan,0.266046047,0.474028793,0.297774407,1.783080283,0,,0.022161133,,202.2570739,-202.7311027
11,Test,5,98.43126273,7,17-Apr,0.266046047,0.422153216,0.308469814,1.847124634,0,,0.025165623,,879.3996266,-879.8217798
12,Train,6,122.9647002,7,28-Feb,0.077613354,0.429667266,0.300272843,1.798040974,0,,0.023971865,,290.8404212,-291.2700885
13,Test,6,122.9647002,7,16-Jan,0.077613354,0.485409658,0.304727682,1.824716657,0,,0.022447347,,248.41467,-248.9000797
14,Test,6,122.9647002,7,17-Apr,0.077613354,0.416895008,0.303491486,1.81731429,0,,0.026470204,,907.8400302,-908.2569252
15,Train,7,148.7638113,7,28-Feb,0.330843687,0.432317466,0.302240274,1.809821999,0,,0.023977853,,307.314502,-307.7468195
16,Test,7,148.7638113,7,16-Jan,0.330843687,0.422229282,0.265965898,1.592610168,0,,0.022049658,,143.8436172,-144.2658465
17,Test,7,148.7638113,7,17-Apr,0.330843687,0.422790545,0.308032523,1.844506124,0,,0.025482313,,888.0906454,-888.513436
18,Train,8,173.7453568,7,28-Feb,0.721102357,0.38828931,0.270816806,1.62165752,0,,0.02290434,,205.9661512,-206.3544405
19,Test,8,173.7453568,7,16-Jan,0.721102357,0.428637152,0.269894222,1.616133067,0,,0.021772255,,155.719938,-156.1485752
20,Test,8,173.7453568,7,17-Apr,0.721102357,0.4064699,0.297587627,1.781961837,0,,0.025834999,,857.5131631,-857.919633
21,Train,9,199.4000883,7,28-Feb,-2.637647867,0.386211815,0.270427976,1.6193292,0,,0.022785057,,222.5880349,-222.9742467
22,Test,9,199.4000883,7,16-Jan,-2.637647867,0.418981638,0.263510544,1.577907446,0,,0.021890272,,121.7557231,-122.1747047
23,Test,9,199.4000883,7,17-Apr,-2.637647867,0.353879431,0.257470367,1.541738726,0,,0.025025386,,657.3032308,-657.6571102
24,Train,10,224.3152878,7,28-Feb,-2.0596416,0.390782487,0.272797247,1.633516449,0,,0.023585582,,215.2466863,-215.6374688
25,Test,10,224.3152878,7,16-Jan,-2.0596416,0.405909585,0.254791518,1.525697713,0,,0.021874231,,98.83747214,-99.24338172
26,Test,10,224.3152878,7,17-Apr,-2.0596416,0.380048227,0.277167043,1.659682892,0,,0.024780946,,712.2212858,-712.601334
27,Train,11,249.0131369,7,28-Feb,0.751967669,0.355565848,0.249062346,1.491391292,0,,0.0227567,,156.7703029,-157.1258688
28,Test,11,249.0131369,7,16-Jan,0.751967669,0.378037068,0.236771302,1.417792226,0,,0.021232729,,58.02041257,-58.39844964
29,Test,11,249.0131369,7,17-Apr,0.751967669,0.39794394,0.29048112,1.739407902,0,,0.025062117,,808.4658731,-808.8638171
30,Train,12,274.9658763,7,28-Feb,-1.010282397,0.367185124,0.25582261,1.531871916,0,,0.023507868,,166.9262166,-167.2934017
31,Test,12,274.9658763,7,16-Jan,-1.010282397,0.373954569,0.234550473,1.40449385,0,,0.021583342,,56.41122459,-56.78517916
32,Test,12,274.9658763,7,17-Apr,-1.010282397,0.371222015,0.269834523,1.615775586,0,,0.025430532,,686.1599767,-686.5311987
33,Train,13,299.6569679,7,28-Feb,-1.054954171,0.356681632,0.249624423,1.494757026,0,,0.023387133,,148.215059,-148.5717406
34,Test,13,299.6569679,7,16-Jan,-1.054954171,0.405743802,0.253526202,1.518120968,0,,0.021730659,,108.487583,-108.8933268
35,Test,13,299.6569679,7,17-Apr,-1.054954171,0.30247018,0.222093007,1.329898243,0,,0.025157149,,519.1378624,-519.4403326
36,Train,14,325.3565476,7,28-Feb,-7.489792824,0.361400763,0.252707495,1.513218534,0,,0.022811266,,167.2521468,-167.6135475
37,Test,14,325.3565476,7,16-Jan,-7.489792824,0.382407321,0.240232388,1.438517295,0,,0.021546985,,43.68847331,-44.07088064
38,Test,14,325.3565476,7,17-Apr,-7.489792824,0.328673049,0.239345243,1.433205048,0,,0.024663712,,556.8205807,-557.1492537
39,Train,15,349.8463848,7,28-Feb,-2.476349831,0.346299368,0.241843051,1.448161985,0,,0.022906218,,157.3375714,-157.6838708
40,Test,15,349.8463848,7,16-Jan,-2.476349831,0.330429511,0.207858036,1.2446589,0,,0.021448548,,41.4026545,-41.73308401
41,Test,15,349.8463848,7,17-Apr,-2.476349831,0.321257413,0.234229939,1.402574482,0,,0.024900212,,568.9366222,-569.2578796
42,Train,16,374.8299255,7,28-Feb,2.822897911,0.308889826,0.215645108,1.291288073,0,,0.022719542,,86.19526665,-86.50415647
43,Test,16,374.8299255,7,16-Jan,2.822897911,0.330955229,0.208243207,1.246965312,0,,0.021247317,,21.39982506,-21.73078029
44,Test,16,374.8299255,7,17-Apr,2.822897911,0.308856826,0.224857094,1.346449663,0,,0.024641233,,472.4801609,-472.7890177
45,Train,17,400.2696574,7,28-Feb,7.976160049,0.279313471,0.195330715,1.169645002,0,,0.022687676,,70.45895374,-70.73826721
46,Test,17,400.2696574,7,16-Jan,7.976160049,0.291964322,0.182086836,1.090340336,0,,0.021054677,,70.71653118,-71.0084955
47,Test,17,400.2696574,7,17-Apr,7.976160049,0.319451582,0.234028474,1.401368107,0,,0.024972043,,514.5597725,-514.8792241
48,Train,18,425.3763027,7,28-Feb,-11.95491123,0.285612443,0.198905645,1.191051765,0,,0.022407313,,48.12658047,-48.41219291
49,Test,18,425.3763027,7,16-Jan,-11.95491123,0.286423591,0.179045521,1.072128867,0,,0.020914804,,84.88050566,-85.16692925
50,Test,18,425.3763027,7,17-Apr,-11.95491123,0.273936439,0.201190282,1.204732228,0,,0.02462412,,375.5018263,-375.7757627
51,Train,19,450.0409355,7,28-Feb,-6.399536133,0.284510677,0.198932588,1.191213102,0,,0.022306377,,81.07089529,-81.35540596
52,Test,19,450.0409355,7,16-Jan,-6.399536133,0.306150052,0.191144526,1.144578,0,,0.021103387,,29.89485643,-30.20100648
53,Test,19,450.0409355,7,17-Apr,-6.399536133,0.290767259,0.212128211,1.27022881,0,,0.024663568,,424.4168852,-424.7076525
54,Train,20,474.8970189,7,28-Feb,3.465822697,0.300916039,0.209311458,1.253362021,0,,0.022651421,,71.16484927,-71.46576531
55,Test,20,474.8970189,7,16-Jan,3.465822697,0.278890209,0.173773707,1.040561117,0,,0.021052204,,57.41091874,-57.68980894
56,Test,20,474.8970189,7,17-Apr,3.465822697,0.266169278,0.194342778,1.163729209,0,,0.024742876,,328.4236297,-328.689799
57,Train,21,500.4976871,7,28-Feb,-7.173909187,0.299688851,0.208846802,1.25057965,0,,0.022436457,,78.05587764,-78.35556649
58,Test,21,500.4976871,7,16-Jan,-7.173909187,0.332364049,0.208093942,1.246071507,0,,0.020998154,,44.18907355,-44.5214376
59,Test,21,500.4976871,7,17-Apr,-7.173909187,0.29643349,0.215475522,1.290272586,0,,0.024756884,,445.9901768,-446.2866103
60,Train,22,525.6051462,7,28-Feb,6.834019661,0.314364394,0.219227716,1.312740815,0,,0.023047678,,91.36193965,-91.67630404
61,Test,22,525.6051462,7,16-Jan,6.834019661,0.273551078,0.171819442,1.028858937,0,,0.02084218,,54.95024053,-55.22379161
62,Test,22,525.6051462,7,17-Apr,6.834019661,0.276135863,0.202232583,1.21097355,0,,0.025237413,,415.0856816,-415.3618175
63,Train,23,550.0582275,7,28-Feb,-8.502103806,0.300569542,0.210198004,1.258670684,0,,0.022533087,,78.28355459,-78.58412413
64,Test,23,550.0582275,7,16-Jan,-8.502103806,0.302559972,0.188979465,1.131613562,0,,0.021066595,,39.93554828,-40.23810825
65,Test,23,550.0582275,7,17-Apr,-8.502103806,0.282192506,0.206551055,1.236832663,0,,0.024961202,,406.6539051,-406.9360976
66,Train,24,575.5627306,7,28-Feb,17.31421471,0.273501421,0.190558234,1.141067269,0,,0.022831944,,61.02317056,-61.29667199
67,Test,24,575.5627306,7,16-Jan,17.31421471,0.304743103,0.192466467,1.152493814,0,,0.021238422,,26.23386918,-26.53861228
68,Test,24,575.5627306,7,17-Apr,17.31421471,0.303539913,0.222384297,1.331642495,0,,0.025294286,,446.2194695,-446.5230095
69,Train,25,600.8159895,7,28-Feb,1.773458719,0.295723325,0.206458327,1.236277408,0,,0.022114928,,59.6854821,-59.98120543
70,Test,25,600.8159895,7,16-Jan,1.773458719,0.316877387,0.198756545,1.19015895,0,,0.021053378,,51.04094167,-51.35781905
71,Test,25,600.8159895,7,17-Apr,1.773458719,0.289699696,0.212488097,1.272383817,0,,0.024276365,,412.4953349,-412.7850346
72,Train,26,626.1327405,7,28-Feb,-16.94098663,0.286499557,0.200326788,1.199561606,0,,0.022825685,,49.29455521,-49.58105476
73,Test,26,626.1327405,7,16-Jan,-16.94098663,0.332488473,0.210285976,1.259197462,0,,0.021200071,,17.94769215,-18.28018063
74,Test,26,626.1327405,7,17-Apr,-16.94098663,0.32222404,0.235156845,1.408124818,0,,0.025035857,,552.6296062,-552.9518303
75,Train,27,651.8374071,7,28-Feb,4.595476151,0.317845944,0.222589501,1.332871263,0,,0.022578507,,104.3021033,-104.6199493
76,Test,27,651.8374071,7,16-Jan,4.595476151,0.31030293,0.195154215,1.168588112,0,,0.020970574,,38.14257949,-38.45288242
77,Test,27,651.8374071,7,17-Apr,4.595476151,0.264967459,0.193068367,1.156098004,0,,0.024361298,,319.1897966,-319.4547641
78,Train,28,676.9257846,7,28-Feb,-2.070729256,0.279809123,0.19494086,1.167310537,0,,0.022411079,,40.35683806,-40.63664718
79,Test,28,676.9257846,7,16-Jan,-2.070729256,0.292029312,0.183501791,1.098813118,0,,0.020993471,,39.94547274,-40.23750205
80,Test,28,676.9257846,7,17-Apr,-2.070729256,0.270340068,0.197216816,1.180939017,0,,0.024456758,,365.0617887,-365.3321287
81,Train,29,702.7246082,7,28-Feb,0.52290678,0.258825962,0.181442542,1.086482286,0,,0.022703486,,25.97285351,-26.23167948
82,Test,29,702.7246082,7,16-Jan,0.52290678,0.265911147,0.166871218,0.999228849,0,,0.020750435,,74.02061723,-74.28652838
83,Test,29,702.7246082,7,17-Apr,0.52290678,0.279963671,0.203167726,1.216573212,0,,0.024020263,,419.596138,-419.8761016
84,Train,30,727.4049726,7,28-Feb,-11.95740223,0.243738689,0.17087278,1.023190297,0,,0.021993487,,26.12043732,-26.36417601
85,Test,30,727.4049726,7,16-Jan,-11.95740223,0.26185906,0.164340603,0.984075465,0,,0.020873369,,63.91081739,-64.17267645
86,Test,30,727.4049726,7,17-Apr,-11.95740223,0.222010364,0.161932991,0.969658628,0,,0.024875483,,275.4457035,-275.6677139
87,Train,31,752.6051931,7,28-Feb,0.43241787,0.22836618,0.159867344,0.957289482,0,,0.021669525,,21.36120202,-21.5895682
88,Test,31,752.6051931,7,16-Jan,0.43241787,0.23360157,0.146670939,0.878269098,0,,0.020439271,,118.3984039,-118.6320055
89,Test,31,752.6051931,7,17-Apr,0.43241787,0.217822103,0.159394834,0.954460083,0,,0.024249955,,238.0630971,-238.2809192
90,Train,32,777.6642096,7,28-Feb,16.93391228,0.21825141,0.151842295,0.909235298,0,,0.021747224,,47.24603587,-47.46428728
91,Test,32,777.6642096,7,16-Jan,16.93391228,0.214542109,0.133885785,0.801711286,0,,0.020518927,,213.1024508,-213.3169929
92,Test,32,777.6642096,7,17-Apr,16.93391228,0.178746049,0.13069814,0.782623592,0,,0.023297604,,141.2249443,-141.4036904
93,Train,33,802.6381869,7,28-Feb,-0.557442307,0.189513089,0.132719745,0.794729014,0,,0.022149335,,54.48098369,-54.67049678
94,Test,33,802.6381869,7,16-Jan,-0.557442307,0.200790029,0.126318185,0.756396316,0,,0.020205656,,194.9243342,-195.1251242
95,Test,33,802.6381869,7,17-Apr,-0.557442307,0.209094256,0.15377791,0.920825806,0,,0.023880646,,185.2087986,-185.4178928
96,Train,34,827.3750408,7,28-Feb,-2.536174774,0.198928946,0.139343776,0.83439387,0,,0.021764574,,41.86380853,-42.06273747
97,Test,34,827.3750408,7,16-Jan,-2.536174774,0.210690411,0.13184352,0.789482154,0,,0.020593608,,176.8107749,-177.0214653
98,Test,34,827.3750408,7,17-Apr,-2.536174774,0.210690105,0.153356019,0.918299514,0,,0.023695849,,204.5061893,-204.7168794
99,Train,35,851.8086674,7,28-Feb,21.03362656,0.211230989,0.146625109,0.877994665,0,,0.021852745,,65.77515962,-65.98639061
100,Test,35,851.8086674,7,16-Jan,21.03362656,0.19933852,0.125698243,0.752684087,0,,0.02009754,,198.5135735,-198.712912
101,Test,35,851.8086674,7,17-Apr,21.03362656,0.22504282,0.163188396,0.977176022,0,,0.024468544,,240.8432348,-241.0682776
102,Train,36,876.5238266,7,28-Feb,23.11636925,0.16799977,0.117519459,0.703709334,0,,0.020941831,,107.1127763,-107.280776
103,Test,36,876.5238266,7,16-Jan,23.11636925,0.246749578,0.154972929,0.927981608,0,,0.020761121,,65.67044144,-65.91719102
104,Test,36,876.5238266,7,17-Apr,23.11636925,0.233952218,0.17216585,1.030933235,0,,0.024329978,,307.6876193,-307.9215715
105,Train,37,900.9655359,7,28-Feb,12.01174068,0.231456725,0.162521193,0.973180797,0,,0.02236301,,57.01038219,-57.24183892
106,Test,37,900.9655359,7,16-Jan,12.01174068,0.278471426,0.174692774,1.046064515,0,,0.02118415,,72.37095317,-72.64942459
107,Test,37,900.9655359,7,17-Apr,12.01174068,0.222049534,0.162442619,0.972710295,0,,0.02380271,,211.0302416,-211.2522911
108,Train,38,926.3464186,7,28-Feb,-6.747136593,0.216303679,0.151889834,0.909519961,0,,0.022168206,,30.46576435,-30.68206803
109,Test,38,926.3464186,7,16-Jan,-6.747136593,0.253201246,0.159062069,0.952467479,0,,0.020677213,,89.39349138,-89.64669263
110,Test,38,926.3464186,7,17-Apr,-6.747136593,0.272636296,0.200199261,1.198797972,0,,0.024718314,,412.3874403,-412.6600766
111,Train,39,951.1896422,7,28-Feb,-3.552814722,0.228507734,0.159471162,0.954917136,0,,0.022637522,,47.69124874,-47.91975648
112,Test,39,951.1896422,7,16-Jan,-3.552814722,0.260138032,0.163782414,0.980733016,0,,0.021016244,,62.92077581,-63.18091384
113,Test,39,951.1896422,7,17-Apr,-3.552814722,0.262399562,0.191485543,1.146620015,0,,0.023939523,,350.1603939,-350.4227935
114,Train,40,977.0017679,7,28-Feb,-5.101512909,0.272531154,0.190017476,1.137829199,0,,0.021910848,,37.90853669,-38.18106784
115,Test,40,977.0017679,7,16-Jan,-5.101512909,0.252777892,0.158640666,0.949944108,0,,0.020509388,,73.45969035,-73.71246825
116,Test,40,977.0017679,7,17-Apr,-5.101512909,0.250830907,0.182535462,1.093026718,0,,0.024379478,,318.079074,-318.3299049
117,Train,41,1002.180478,7,28-Feb,-15.39553452,0.240939621,0.170300308,1.019762322,0,,0.021563922,,28.32451384,-28.56545347
118,Test,41,1002.180478,7,16-Jan,-15.39553452,0.26365782,0.166053109,0.994329996,0,,0.020740666,,83.10772947,-83.37138729
119,Test,41,1002.180478,7,17-Apr,-15.39553452,0.225014369,0.164647587,0.985913696,0,,0.02413787,,238.9670096,-239.192024
120,Train,42,1026.895428,7,28-Feb,-5.759213448,0.250302864,0.174493895,1.044873623,0,,0.022357627,,22.54607818,-22.79638104
121,Test,42,1026.895428,7,16-Jan,-5.759213448,0.222575159,0.140332162,0.84031235,0,,0.020781344,,133.1097441,-133.3323193
122,Test,42,1026.895428,7,17-Apr,-5.759213448,0.254860287,0.186205152,1.115000912,0,,0.023618469,,294.5280032,-294.7828635
123,Train,43,1051.304451,7,28-Feb,-10.0180788,0.229947114,0.161265913,0.965664151,0,,0.021453188,,18.59869917,-18.82864629
124,Test,43,1051.304451,7,16-Jan,-10.0180788,0.236924398,0.150098939,0.89879604,0,,0.020696953,,79.79357661,-80.030501
125,Test,43,1051.304451,7,17-Apr,-10.0180788,0.21459893,0.15682595,0.939077544,0,,0.023891869,,196.9618497,-197.1764486
126,Train,44,1076.478333,7,28-Feb,-21.76168251,0.248271865,0.17374653,1.040398382,0,,0.022315323,,33.35579843,-33.60407029
127,Test,44,1076.478333,7,16-Jan,-21.76168251,0.22541371,0.142154004,0.851221581,0,,0.02065812,,133.5267806,-133.7521943
128,Test,44,1076.478333,7,17-Apr,-21.76168251,0.191251008,0.139429285,0.834905897,0,,0.023688148,,177.3119461,-177.5031971
129,Train,45,1101.334968,7,28-Feb,6.893607616,0.188727207,0.13290116,0.795815332,0,,0.021450842,,54.91023975,-55.09896695
130,Test,45,1101.334968,7,16-Jan,6.893607616,0.212500882,0.134564592,0.805776,0,,0.020490064,,133.8537629,-134.0662638
131,Test,45,1101.334968,7,17-Apr,6.893607616,0.212103657,0.154531366,0.925337524,0,,0.023259472,,231.4355179,-231.6476216
132,Train,46,1125.600935,7,28-Feb,-9.69888401,0.215062012,0.151188071,0.905317788,0,,0.021957629,,24.77791837,-24.99298039
133,Test,46,1125.600935,7,16-Jan,-9.69888401,0.213952041,0.13579759,0.813159221,0,,0.02083579,,162.1623696,-162.3763216
134,Test,46,1125.600935,7,17-Apr,-9.69888401,0.195431645,0.143166209,0.857282686,0,,0.023496528,,224.2510091,-224.4464408
135,Train,47,1150.12756,7,28-Feb,-5.156821251,0.209869428,0.147217266,0.881540514,0,,0.022007888,,29.80521394,-30.01508337
136,Test,47,1150.12756,7,16-Jan,-5.156821251,0.229253352,0.144450642,0.864973906,0,,0.020287473,,116.6202952,-116.8495485
137,Test,47,1150.12756,7,17-Apr,-5.156821251,0.200857185,0.145993118,0.874210288,0,,0.023817249,,176.4224567,-176.6233139
138,Train,48,1175.411963,7,28-Feb,-17.05459213,0.202191599,0.141321455,0.846236257,0,,0.020870955,,13.71519435,-13.91738595
139,Test,48,1175.411963,7,16-Jan,-17.05459213,0.231405906,0.146379588,0.876524478,0,,0.020615616,,87.17927022,-87.41067613
140,Test,48,1175.411963,7,17-Apr,-17.05459213,0.215627199,0.157252894,0.941634095,0,,0.023375277,,234.3766652,-234.5922924
141,Train,49,1200.094235,7,28-Feb,-12.49067211,0.214242166,0.150818523,0.903104928,0,,0.020952784,,20.54564601,-20.75988818
142,Test,49,1200.094235,7,16-Jan,-12.49067211,0.238327721,0.151026484,0.904350202,0,,0.020779059,,100.4221355,-100.6604632
143,Test,49,1200.094235,7,17-Apr,-12.49067211,0.202077857,0.14683801,0.879269519,0,,0.023498707,,141.7568942,-141.9589721
144,Train,50,1224.971743,7,28-Feb,1.424772024,0.210815046,0.148313832,0.888106778,0,,0.022031001,,45.6270817,-45.83789675
145,Test,50,1224.971743,7,16-Jan,1.424772024,0.241540979,0.152722602,0.914506598,0,,0.020778363,,92.01536807,-92.25690905
146,Test,50,1224.971743,7,17-Apr,1.424772024,0.217427726,0.158839005,0.951131768,0,,0.023739355,,236.3523423,-236.5697701
147,Train,51,1250.404771,7,28-Feb,-4.676981926,0.269024523,0.189123073,1.132473489,0,,0.021887103,,49.97447739,-50.24350191
148,Test,51,1250.404771,7,16-Jan,-4.676981926,0.251099493,0.159532226,0.955282788,0,,0.020676644,,60.40320373,-60.65430323
149,Test,51,1250.404771,7,17-Apr,-4.676981926,0.248148903,0.180951255,1.083540448,0,,0.023518124,,254.9773047,-255.2254536
150,Train,52,1275.538491,7,28-Feb,-14.82060337,0.281117745,0.196737322,1.178067798,0,,0.022293498,,57.30151389,-57.58263163
151,Test,52,1275.538491,7,16-Jan,-14.82060337,0.221082589,0.139907582,0.837769954,0,,0.020394379,,135.2553062,-135.4763888
152,Test,52,1275.538491,7,17-Apr,-14.82060337,0.266828502,0.195340991,1.169706535,0,,0.024235548,,318.2798885,-318.546717
153,Train,53,1300.625249,7,28-Feb,-5.198272705,0.220381556,0.154173262,0.923193186,0,,0.021684489,,19.23863231,-19.45901387
154,Test,53,1300.625249,7,16-Jan,-5.198272705,0.230952227,0.146247465,0.875733321,0,,0.020511194,,105.5495521,-105.7805044
155,Test,53,1300.625249,7,17-Apr,-5.198272705,0.26801289,0.19626307,1.175227962,0,,0.023625722,,366.4586007,-366.7266136
156,Train,54,1324.970209,7,28-Feb,-11.10319138,0.259688298,0.181588318,1.087355195,0,,0.022336185,,29.1786551,-29.4383434
157,Test,54,1324.970209,7,16-Jan,-11.10319138,0.292823788,0.185475657,1.110632676,0,,0.021174585,,47.30449638,-47.59732017
158,Test,54,1324.970209,7,17-Apr,-11.10319138,0.270228063,0.196338995,1.175682603,0,,0.023891713,,341.4757707,-341.7459988
159,Train,55,1351.246012,7,28-Feb,-5.446991444,0.237776579,0.166861283,0.999169357,0,,0.021648165,,23.67258462,-23.9103612
160,Test,55,1351.246012,7,16-Jan,-5.446991444,0.285228522,0.179679791,1.075926892,0,,0.020980763,,42.02188215,-42.30711067
161,Test,55,1351.246012,7,17-Apr,-5.446991444,0.26650299,0.193593805,1.159244339,0,,0.024313749,,358.9744495,-359.2409525
162,Train,56,1375.982376,7,28-Feb,-23.90248299,0.250260292,0.175861673,1.053063909,0,,0.022061366,,29.5802826,-29.83054289
163,Test,56,1375.982376,7,16-Jan,-23.90248299,0.238544844,0.15052696,0.901359045,0,,0.020503003,,117.1624501,-117.400995
164,Test,56,1375.982376,7,17-Apr,-23.90248299,0.245461837,0.178931398,1.071445496,0,,0.023819263,,305.8589287,-306.1043905
165,Train,57,1400.097597,7,28-Feb,0.833540678,0.265837182,0.185933497,1.113374235,0,,0.02205741,,37.16375836,-37.42959554
166,Test,57,1400.097597,7,16-Jan,0.833540678,0.285139948,0.17960893,1.075502576,0,,0.020921317,,56.29982274,-56.58496269
167,Test,57,1400.097597,7,17-Apr,0.833540678,0.270449792,0.197172721,1.180674978,0,,0.024133762,,345.0779341,-345.3483839
168,Train,58,1426.542428,7,28-Feb,-8.908182144,0.265728855,0.186650679,1.117668735,0,,0.022428584,,35.95144961,-36.21717847
169,Test,58,1426.542428,7,16-Jan,-8.908182144,0.230717469,0.145898951,0.873646411,0,,0.020369945,,106.7950828,-107.0258002
170,Test,58,1426.542428,7,17-Apr,-8.908182144,0.254542897,0.185857387,1.112918484,0,,0.023576181,,283.8680347,-284.1225776
171,Train,59,1451.03282,7,28-Feb,-0.298261881,0.261165031,0.183516598,1.098901785,0,,0.021468071,,22.00899785,-22.27016288
172,Test,59,1451.03282,7,16-Jan,-0.298261881,0.268166402,0.169689003,1.016101816,0,,0.021018997,,61.23922456,-61.50739097
173,Test,59,1451.03282,7,17-Apr,-0.298261881,0.249050451,0.180457521,1.080583959,0,,0.023580524,,280.1204632,-280.3695136
174,Train,60,1476.285891,7,28-Feb,1.443861961,0.267903308,0.187567404,1.123158108,0,,0.022461342,,27.51709306,-27.78499637
175,Test,60,1476.285891,7,16-Jan,1.443861961,0.267172781,0.169398094,1.014359846,0,,0.020869402,,68.13387299,-68.40104577
176,Test,60,1476.285891,7,17-Apr,1.443861961,0.213467516,0.155318065,0.930048291,0,,0.024004562,,206.2005783,-206.4140458
177,Train,61,1500.919759,7,28-Feb,-22.16094589,0.2556768,0.17954717,1.075132753,0,,0.021978486,,39.75690693,-40.01258373
178,Test,61,1500.919759,7,16-Jan,-22.16094589,0.263906486,0.166493864,0.996969248,0,,0.02084961,,87.66921402,-87.93312051
179,Test,61,1500.919759,7,17-Apr,-22.16094589,0.236047275,0.172352886,1.03205321,0,,0.024024247,,267.478452,-267.7144992
180,Train,62,1526.17092,7,28-Feb,-7.84044838,0.26389432,0.185235385,1.109193921,0,,0.022119298,,18.7899079,-19.05380222
181,Test,62,1526.17092,7,16-Jan,-7.84044838,0.26367465,0.166685874,0.998119004,0,,0.020771467,,28.88907177,-29.15274642
182,Test,62,1526.17092,7,17-Apr,-7.84044838,0.218781291,0.160057621,0.958428867,0,,0.024699415,,227.0445598,-227.2633411
183,Train,63,1551.099797,7,28-Feb,2.882800817,0.238297203,0.167146575,1.000877693,0,,0.021300783,,21.94553918,-22.18383638
184,Test,63,1551.099797,7,16-Jan,2.882800817,0.217457193,0.137993677,0.826309443,0,,0.020276227,,141.7898661,-142.0073233
185,Test,63,1551.099797,7,17-Apr,2.882800817,0.214746428,0.156635699,0.937938318,0,,0.023156681,,210.4932877,-210.7080341
186,Train,64,1575.870847,7,28-Feb,-7.419646263,0.199119173,0.140169865,0.839340508,0,,0.021820664,,25.10374574,-25.30286491
187,Test,64,1575.870847,7,16-Jan,-7.419646263,0.20032857,0.126219784,0.755807092,0,,0.020526118,,198.9784405,-199.178769
188,Test,64,1575.870847,7,17-Apr,-7.419646263,0.179886176,0.131876551,0.789679946,0,,0.024332065,,100.8555257,-101.0354118
189,Train,65,1600.772677,7,28-Feb,0.139547825,0.21381709,0.150700754,0.902399723,0,,0.021610493,,38.34052494,-38.55434203
190,Test,65,1600.772677,7,16-Jan,0.139547825,0.187579893,0.119044956,0.712844048,0,,0.020294406,,192.3259143,-192.5134942
191,Test,65,1600.772677,7,17-Apr,0.139547825,0.189871084,0.137264063,0.8219405,0,,0.023188371,,163.6310408,-163.8209119
192,Train,66,1625.023152,7,28-Feb,-21.57678795,0.215136309,0.150879361,0.903469229,0,,0.021306614,,16.07420985,-16.28934616
193,Test,66,1625.023152,7,16-Jan,-21.57678795,0.209538398,0.13259651,0.793991076,0,,0.020275975,,142.4102351,-142.6197735
194,Test,66,1625.023152,7,17-Apr,-21.57678795,0.177062084,0.129646895,0.776328711,0,,0.024108965,,119.1150428,-119.2921049
195,Train,67,1650.169432,7,28-Feb,16.0311985,0.20313576,0.142467946,0.853101472,0,,0.021961914,,17.97619533,-18.17933109
196,Test,67,1650.169432,7,16-Jan,16.0311985,0.198961421,0.125332454,0.750493739,0,,0.020222205,,202.5361949,-202.7351563
197,Test,67,1650.169432,7,17-Apr,16.0311985,0.183808896,0.134912035,0.807856495,0,,0.02302565,,145.5158064,-145.6996153
198,Train,68,1674.702694,7,28-Feb,-24.85749435,0.194531728,0.136995117,0.820330042,0,,0.021396747,,26.42009193,-26.61462366
199,Test,68,1674.702694,7,16-Jan,-24.85749435,0.21715352,0.137388569,0.82268604,0,,0.020307293,,106.7120173,-106.9291708
200,Test,68,1674.702694,7,17-Apr,-24.85749435,0.200234956,0.146456659,0.876985979,0,,0.023376498,,150.3453798,-150.5456148
201,Train,69,1699.536835,7,28-Feb,-2.32437706,0.234162246,0.164767532,0.986631931,0,,0.021337953,,19.77301382,-20.00717607
202,Test,69,1699.536835,7,16-Jan,-2.32437706,0.239116766,0.151465504,0.906979064,0,,0.020469911,,107.7126698,-107.9517865
203,Test,69,1699.536835,7,17-Apr,-2.32437706,0.200583758,0.146197488,0.875434058,0,,0.022706951,,159.3579226,-159.5585063
204,Train,70,1724.007561,7,28-Feb,-6.956988811,0.213551075,0.150180832,0.899286419,0,,0.021225998,,24.71412485,-24.92767592
205,Test,70,1724.007561,7,16-Jan,-6.956988811,0.228432214,0.145709559,0.87251233,0,,0.02079743,,95.31200755,-95.54043976
206,Test,70,1724.007561,7,17-Apr,-6.956988811,0.203529968,0.1474011,0.882641316,0,,0.022488459,,152.1146872,-152.3182171
207,Train,71,1748.473973,7,28-Feb,-3.753763914,0.233918443,0.164653128,0.985946875,0,,0.021904745,,16.56458944,-16.79850788
208,Test,71,1748.473973,7,16-Jan,-3.753763914,0.289907975,0.183543276,1.099061533,0,,0.020797334,,51.97499029,-52.26489826
209,Test,71,1748.473973,7,17-Apr,-3.753763914,0.241595974,0.175040529,1.048146883,0,,0.022979959,,271.255057,-271.496653
210,Train,72,1773.294026,7,28-Feb,-24.08139801,0.26328082,0.185200477,1.108984892,0,,0.021316688,,38.89067062,-39.15395144
211,Test,72,1773.294026,7,16-Jan,-24.08139801,0.28388776,0.180263005,1.079419189,0,,0.02095647,,35.67299821,-35.95688597
212,Test,72,1773.294026,7,17-Apr,-24.08139801,0.204643233,0.149454437,0.894936746,0,,0.023101056,,192.5156475,-192.7202907
213,Train,73,1797.950465,7,28-Feb,-21.71614265,0.248720275,0.175032834,1.048100803,0,,0.021605182,,17.09910272,-17.34782299
214,Test,73,1797.950465,7,16-Jan,-21.71614265,0.200973088,0.127516961,0.763574615,0,,0.020166904,,150.9531795,-151.1541526
215,Test,73,1797.950465,7,17-Apr,-21.71614265,0.211532645,0.154229954,0.923532657,0,,0.023282031,,237.6180226,-237.8295553
216,Train,74,1824.663553,7,28-Feb,-21.67055893,0.237239794,0.167018499,1.000110773,0,,0.021227191,,13.16367002,-13.40090981
217,Test,74,1824.663553,7,16-Jan,-21.67055893,0.229531157,0.14594809,0.87394066,0,,0.020500229,,116.3332266,-116.5627578
218,Test,74,1824.663553,7,17-Apr,-21.67055893,0.181741242,0.13231114,0.792282277,0,,0.023104092,,129.5345081,-129.7162493
219,Train,75,1849.747162,7,28-Feb,5.660655975,0.232223846,0.16394921,0.981731794,0,,0.02100697,,8.345784892,-8.578008739
220,Test,75,1849.747162,7,16-Jan,5.660655975,0.212670718,0.134820017,0.807305488,0,,0.020668425,,153.5205657,-153.7332364
221,Test,75,1849.747162,7,17-Apr,5.660655975,0.177438501,0.129230912,0.773837798,0,,0.022449859,,115.5221477,-115.6995862
222,Train,76,1875.047734,7,28-Feb,23.97518158,0.216494835,0.152027013,0.910341398,0,,0.020607356,,7.388192813,-7.604687648
223,Test,76,1875.047734,7,16-Jan,23.97518158,0.222477307,0.14204968,0.850596887,0,,0.0204267,,91.62396219,-91.8464395
224,Test,76,1875.047734,7,17-Apr,23.97518158,0.164724093,0.121383622,0.726848034,0,,0.022989807,,123.0398227,-123.2045468
225,Train,77,1900.154651,7,28-Feb,-35.37291718,0.196729866,0.139359622,0.834488757,0,,0.021524595,,10.2745533,-10.47128317
226,Test,77,1900.154651,7,16-Jan,-35.37291718,0.200727013,0.128033044,0.766664934,0,,0.020371968,,163.6457579,-163.846485
227,Test,77,1900.154651,7,17-Apr,-35.37291718,0.198987335,0.14491839,0.867774789,0,,0.023062019,,178.7386799,-178.9376672
228,Train,78,1924.666349,7,28-Feb,19.46048546,0.22588875,0.158926595,0.95165626,0,,0.020692477,,5.488095664,-5.713984414
229,Test,78,1924.666349,7,16-Jan,19.46048546,0.227535901,0.145327154,0.87022248,0,,0.020777345,,90.18909895,-90.41663486
230,Test,78,1924.666349,7,17-Apr,19.46048546,0.180867423,0.131409286,0.786881953,0,,0.022734824,,125.3887881,-125.5696555
231,Train,79,1949.489893,7,28-Feb,-27.12624359,0.186235839,0.131759475,0.788978895,0,,0.020923094,,26.73561064,-26.92184648
232,Test,79,1949.489893,7,16-Jan,-27.12624359,0.20937845,0.133525946,0.799556561,0,,0.020543234,,123.665762,-123.8751405
233,Test,79,1949.489893,7,17-Apr,-27.12624359,0.181029182,0.131198826,0.785621711,0,,0.022347818,,92.70869801,-92.88972719
234,Train,80,1974.2433,7,28-Feb,-7.704598427,0.185438802,0.131164806,0.785418,0,,0.020454602,,20.47403536,-20.65947416
235,Test,80,1974.2433,7,16-Jan,-7.704598427,0.232303488,0.148756067,0.89075489,0,,0.020898343,,68.0260232,-68.25832669
236,Test,80,1974.2433,7,17-Apr,-7.704598427,0.187286335,0.136521398,0.8174934,0,,0.022394803,,129.4155441,-129.6028304
237,Train,81,1999.172782,7,28-Feb,-2.790659904,0.226079078,0.159394684,0.954459186,0,,0.02107802,,7.874180887,-8.100259965
238,Test,81,1999.172782,7,16-Jan,-2.790659904,0.204402736,0.130562752,0.781812888,0,,0.020247688,,164.234066,-164.4384687
239,Test,81,1999.172782,7,17-Apr,-2.790659904,0.204048322,0.148773164,0.89085727,0,,0.022776881,,189.0030986,-189.2071469
240,Train,82,2026.673999,7,28-Feb,-20.56854057,0.233914744,0.165374522,0.990266596,0,,0.021398301,,17.90461419,-18.13852894
241,Test,82,2026.673999,7,16-Jan,-20.56854057,0.25112178,0.160893393,0.963433489,0,,0.021296525,,42.22160812,-42.4727299
242,Test,82,2026.673999,7,17-Apr,-20.56854057,0.220315078,0.160146364,0.958960261,0,,0.022881457,,245.6933799,-245.9136949
243,Train,83,2053.301593,7,28-Feb,13.47876167,0.2623278,0.184934801,1.107394018,0,,0.021452074,,19.10318058,-19.36550838
244,Test,83,2053.301593,7,16-Jan,13.47876167,0.256759391,0.164110315,0.982696498,0,,0.021222858,,45.97678768,-46.23354708
245,Test,83,2053.301593,7,17-Apr,13.47876167,0.231170298,0.167638059,1.003820714,0,,0.022447504,,269.9711057,-270.202276
246,Train,84,2080.338331,7,28-Feb,-16.04048538,0.254028652,0.179445299,1.074522747,0,,0.021477619,,34.48145895,-34.7354876
247,Test,84,2080.338331,7,16-Jan,-16.04048538,0.294774395,0.188841844,1.130789483,0,,0.021004221,,30.37616197,-30.67093637
248,Test,84,2080.338331,7,17-Apr,-16.04048538,0.225340365,0.162810427,0.974912738,0,,0.023251667,,238.595543,-238.8208834
249,Train,85,2106.642903,7,28-Feb,-17.4024868,0.273329013,0.19329834,1.157475088,0,,0.021636428,,60.51215618,-60.78548519
250,Test,85,2106.642903,7,16-Jan,-17.4024868,0.3029732,0.192406925,1.152137277,0,,0.021391177,,27.53063357,-27.83360677
251,Test,85,2106.642903,7,17-Apr,-17.4024868,0.20345685,0.147688041,0.884359527,0,,0.022318914,,182.0533559,-182.2568127
252,Train,86,2133.268857,7,28-Feb,18.51722145,0.246633314,0.173939241,1.041552344,0,,0.021060493,,17.60884532,-17.85547863
253,Test,86,2133.268857,7,16-Jan,18.51722145,0.263098671,0.167675813,1.004046786,0,,0.020783664,,27.49214968,-27.75524835
254,Test,86,2133.268857,7,17-Apr,18.51722145,0.229813751,0.16673545,0.998415869,0,,0.022757192,,241.5854995,-241.8153132
255,Train,87,2159.097941,7,28-Feb,-0.688703537,0.249328446,0.176450276,1.056588481,0,,0.021634636,,26.41362185,-26.6629503
256,Test,87,2159.097941,7,16-Jan,-0.688703537,0.235010205,0.15001871,0.898315631,0,,0.020678782,,98.76404436,-98.99905456
257,Test,87,2159.097941,7,17-Apr,-0.688703537,0.218954211,0.158924871,0.951645934,0,,0.022583879,,252.1542056,-252.3731598
258,Train,88,2185.493425,7,28-Feb,8.062504768,0.234816329,0.165609911,0.991676113,0,,0.020800377,,10.68226356,-10.91707989
259,Test,88,2185.493425,7,16-Jan,8.062504768,0.241540828,0.154509874,0.925208828,0,,0.020720248,,58.58018845,-58.82172928
260,Test,88,2185.493425,7,17-Apr,8.062504768,0.186768031,0.136070075,0.814790866,0,,0.022199978,,117.0818459,-117.2686139
261,Train,89,2211.697024,7,28-Feb,-12.71786118,0.233268008,0.164380348,0.984313461,0,,0.021331217,,18.24437959,-18.4776476
262,Test,89,2211.697024,7,16-Jan,-12.71786118,0.214920418,0.137532328,0.823546872,0,,0.020868179,,119.3868731,-119.6017935
263,Test,89,2211.697024,7,17-Apr,-12.71786118,0.188027336,0.137094455,0.820924879,0,,0.022407776,,126.0393432,-126.2273705
264,Train,90,2237.877389,7,28-Feb,35.04175949,0.227433053,0.161003443,0.964092472,0,,0.020840907,,7.087816769,-7.315249822
265,Test,90,2237.877389,7,16-Jan,35.04175949,0.23019246,0.14764832,0.884121678,0,,0.020687615,,69.7587,-69.98889246
266,Test,90,2237.877389,7,17-Apr,35.04175949,0.193096103,0.140407036,0.840760696,0,,0.022779931,,202.2606381,-202.4537342
267,Train,91,2265.036751,7,28-Feb,-20.96727562,0.218918495,0.155376292,0.93039696,0,,0.020573852,,4.357373162,-4.576291657
268,Test,91,2265.036751,7,16-Jan,-20.96727562,0.222421555,0.142774586,0.854937639,0,,0.020633046,,86.11529618,-86.33771773
269,Test,91,2265.036751,7,17-Apr,-20.96727562,0.165237234,0.120501816,0.721567759,0,,0.022359221,,95.01946396,-95.18470119
270,Train,92,2289.376957,7,28-Feb,24.76105499,0.21974078,0.155537608,0.931362923,0,,0.021221545,,7.293835809,-7.513576589
271,Test,92,2289.376957,7,16-Jan,24.76105499,0.252966908,0.162467651,0.972860184,0,,0.02092305,,39.13439179,-39.3873587
272,Test,92,2289.376957,7,17-Apr,24.76105499,0.212627356,0.155003447,0.928164354,0,,0.022512979,,207.5826919,-207.7953193
273,Train,93,2315.178081,7,28-Feb,-4.528323174,0.240168455,0.169910399,1.01742754,0,,0.021222287,,20.93104972,-21.17121818
274,Test,93,2315.178081,7,16-Jan,-4.528323174,0.261548185,0.168095268,1.006558492,0,,0.021035861,,56.93207415,-57.19362233
275,Test,93,2315.178081,7,17-Apr,-4.528323174,0.198034902,0.143518979,0.859395086,0,,0.022012549,,149.8349764,-150.0330113
276,Train,94,2340.770351,7,28-Feb,-32.61682129,0.27395484,0.194312204,1.163546132,0,,0.021182662,,62.93064275,-63.20459759
277,Test,94,2340.770351,7,16-Jan,-32.61682129,0.281296435,0.180358374,1.079990264,0,,0.021287041,,59.75889145,-60.04018789
278,Test,94,2340.770351,7,17-Apr,-32.61682129,0.222562024,0.161724634,0.968410984,0,,0.022737417,,220.8658705,-221.0884325
279,Train,95,2366.225979,7,28-Feb,-22.8192234,0.242098348,0.171177914,1.025017452,0,,0.02118102,,34.1180235,-34.36012184
280,Test,95,2366.225979,7,16-Jan,-22.8192234,0.257565672,0.165490779,0.990962747,0,,0.020925833,,44.87992154,-45.13748721
281,Test,95,2366.225979,7,17-Apr,-22.8192234,0.192328153,0.13902474,0.832483473,0,,0.021641084,,158.7456678,-158.937996
282,Train,96,2390.958431,7,28-Feb,4.58195734,0.24238778,0.171833852,1.028945223,0,,0.020940463,,14.73223126,-14.97461904
283,Test,96,2390.958431,7,16-Jan,4.58195734,0.221549135,0.141877559,0.849566219,0,,0.020489123,,102.6683614,-102.8899106
284,Test,96,2390.958431,7,17-Apr,4.58195734,0.178874857,0.129385732,0.77476486,0,,0.022462528,,75.18247697,-75.36135182
285,Train,97,2414.538459,7,28-Feb,-30.55914116,0.200087459,0.141221273,0.845636365,0,,0.020839862,,2.252585548,-2.452673008
286,Test,97,2414.538459,7,16-Jan,-30.55914116,0.212201296,0.135778979,0.813047781,0,,0.020411489,,148.9880591,-149.2002604
287,Test,97,2414.538459,7,17-Apr,-30.55914116,0.157143173,0.115106116,0.68925818,0,,0.022425058,,55.70922562,-55.86636879
288,Train,98,2439.663924,7,28-Feb,-38.18951416,0.184218342,0.130727631,0.782800185,0,,0.020101883,,24.73383312,-24.91805146
289,Test,98,2439.663924,7,16-Jan,-38.18951416,0.185245963,0.118575553,0.710033251,0,,0.02004148,,186.3701045,-186.5553504
290,Test,98,2439.663924,7,17-Apr,-38.18951416,0.152049833,0.110246681,0.660159767,0,,0.021807375,,43.71241492,-43.86446475
291,Train,99,2464.361686,7,28-Feb,-24.72009468,0.18037063,0.128834622,0.771464803,0,,0.02113334,,13.76467556,-13.94504619
292,Test,99,2464.361686,7,16-Jan,-24.72009468,0.173915281,0.112145736,0.671531354,0,,0.020106376,,190.7384807,-190.912396
293,Test,99,2464.361686,7,17-Apr,-24.72009468,0.131854059,0.096064019,0.575233646,0,,0.021124028,,12.63193412,-12.76378818
294,Train,100,2489.146227,7,28-Feb,-56.78543091,0.175720539,0.125006944,0.748544577,0,,0.020459036,,21.06854312,-21.24426366
295,Test,100,2489.146227,7,16-Jan,-56.78543091,0.193184347,0.123977333,0.742379237,0,,0.020267334,,161.0215886,-161.214773
296,Test,100,2489.146227,7,17-Apr,-56.78543091,0.149682751,0.108285624,0.648416913,0,,0.021822934,,68.19476749,-68.34445024
297,Train,101,2514.729058,7,28-Feb,-15.67954636,0.186099309,0.13296835,0.796217666,0,,0.02103754,,17.4815113,-17.66761061
298,Test,101,2514.729058,7,16-Jan,-15.67954636,0.199812026,0.128525204,0.769612001,0,,0.020430247,,144.4511114,-144.6509234
299,Test,101,2514.729058,7,17-Apr,-15.67954636,0.151208726,0.109506026,0.655724704,0,,0.021221841,,47.10607993,-47.25728865
300,Train,102,2540.026086,7,28-Feb,-21.52301598,0.199379953,0.141860026,0.849461235,0,,0.02074878,,9.004497784,-9.203877738
301,Test,102,2540.026086,7,16-Jan,-21.52301598,0.202185169,0.129834298,0.777450886,0,,0.020227663,,142.5939925,-142.7961776
302,Test,102,2540.026086,7,17-Apr,-21.52301598,0.141652929,0.102365441,0.612966711,0,,0.021252599,,33.24087941,-33.38253234
303,Train,103,2565.880826,7,28-Feb,-29.92797852,0.191482054,0.13580268,0.813189699,0,,0.020942668,,19.10354867,-19.29503072
304,Test,103,2565.880826,7,16-Jan,-29.92797852,0.204907343,0.131866771,0.789621386,0,,0.020477495,,125.2829612,-125.4878685
305,Test,103,2565.880826,7,17-Apr,-29.92797852,0.14394361,0.105148392,0.629631088,0,,0.02141035,,39.11794507,-39.26188868
306,Train,104,2590.530595,7,28-Feb,26.59949493,0.207214842,0.14749713,0.883216349,0,,0.02073883,,22.74265209,-22.94986694
307,Test,104,2590.530595,7,16-Jan,26.59949493,0.238679725,0.153701193,0.920366426,0,,0.020895285,,49.79662101,-50.03530073
308,Test,104,2590.530595,7,17-Apr,26.59949493,0.167128213,0.121289472,0.726284264,0,,0.021817532,,123.0594774,-123.2266056
309,Train,105,2616.171262,7,28-Feb,12.89966774,0.223553728,0.157984478,0.946014835,0,,0.021021908,,11.60555088,-11.82910461
310,Test,105,2616.171262,7,16-Jan,12.89966774,0.254566058,0.163720412,0.980361746,0,,0.020865556,,45.2543806,-45.50894666
311,Test,105,2616.171262,7,17-Apr,12.89966774,0.200657631,0.146657138,0.878186457,0,,0.021956219,,156.6187638,-156.8194214
312,Train,106,2642.054587,7,28-Feb,3.340280533,0.22831016,0.161829244,0.969037386,0,,0.020771532,,6.444739479,-6.673049639
313,Test,106,2642.054587,7,16-Jan,3.340280533,0.259412001,0.167251605,1.001506615,0,,0.021141021,,49.7583731,-50.0177851
314,Test,106,2642.054587,7,17-Apr,3.340280533,0.187673826,0.13627856,0.816039284,0,,0.022147391,,126.2460059,-126.4336797
315,Train,107,2667.458339,7,28-Feb,-12.57397461,0.241769096,0.171655674,1.027878286,0,,0.021358432,,31.71327982,-31.95504892
316,Test,107,2667.458339,7,16-Jan,-12.57397461,0.234931258,0.150383564,0.900500381,0,,0.020824218,,102.7805928,-103.015524
317,Test,107,2667.458339,7,17-Apr,-12.57397461,0.175448725,0.127892053,0.765820677,0,,0.021705384,,113.1608276,-113.3362764
318,Train,108,2692.516407,7,28-Feb,-43.73660278,0.208332871,0.148160787,0.887190343,0,,0.020706885,,6.391637585,-6.599970456
319,Test,108,2692.516407,7,16-Jan,-43.73660278,0.242169879,0.155756077,0.93267112,0,,0.020751533,,56.03539492,-56.2775648
320,Test,108,2692.516407,7,17-Apr,-43.73660278,0.190184811,0.138501611,0.829350965,0,,0.021936796,,120.957908,-121.1480928
321,Train,109,2716.805916,7,28-Feb,16.89961052,0.215596605,0.153436674,0.918782477,0,,0.020540105,,17.31196853,-17.52756514
322,Test,109,2716.805916,7,16-Jan,16.89961052,0.250120145,0.160532289,0.961271191,0,,0.020525313,,53.25941551,-53.50953565
323,Test,109,2716.805916,7,17-Apr,16.89961052,0.187704351,0.135920549,0.813895502,0,,0.022063988,,96.36817523,-96.55587958
324,Train,110,2741.804277,7,28-Feb,44.190979,0.231389878,0.163808181,0.980887314,0,,0.020806559,,1.189367487,-1.420757366
325,Test,110,2741.804277,7,16-Jan,44.190979,0.265569747,0.170528971,1.021131563,0,,0.020830817,,46.57033884,-46.83590859
326,Test,110,2741.804277,7,17-Apr,44.190979,0.189831192,0.138453662,0.829063846,0,,0.021883612,,118.3458983,-118.5357295
327,Train,111,2766.337459,7,28-Feb,42.81174088,0.241384145,0.171232009,1.02534137,0,,0.020971282,,8.504561297,-8.745945442
328,Test,111,2766.337459,7,16-Jan,42.81174088,0.237456366,0.152017895,0.910286798,0,,0.020426351,,84.55120879,-84.78866515
329,Test,111,2766.337459,7,17-Apr,42.81174088,0.196394131,0.143391126,0.858629497,0,,0.021890962,,161.0341345,-161.2305287
330,Train,112,2791.533277,7,28-Feb,8.14732933,0.228926947,0.163292909,0.977801851,0,,0.02052953,,19.05904581,-19.28797276
331,Test,112,2791.533277,7,16-Jan,8.14732933,0.272394471,0.17469788,1.046095087,0,,0.020987651,,32.70770979,-32.98010426
332,Test,112,2791.533277,7,17-Apr,8.14732933,0.200276654,0.145151108,0.86916831,0,,0.021990228,,177.984928,-178.1852046
333,Train,113,2816.267681,7,28-Feb,4.957538128,0.244406585,0.173155689,1.036860414,0,,0.020782542,,15.02743582,-15.27184241
334,Test,113,2816.267681,7,16-Jan,4.957538128,0.250399858,0.16010596,0.958718321,0,,0.020494803,,49.95793879,-50.20833864
335,Test,113,2816.267681,7,17-Apr,4.957538128,0.19783971,0.143838742,0.861309832,0,,0.021856122,,119.4860845,-119.6839242
336,Train,114,2842.378567,7,28-Feb,0.406099796,0.242047697,0.171793481,1.028703477,0,,0.021075384,,15.97941235,-16.22146005
337,Test,114,2842.378567,7,16-Jan,0.406099796,0.268062999,0.172476034,1.032790623,0,,0.020893222,,22.96850948,-23.23657248
338,Test,114,2842.378567,7,17-Apr,0.406099796,0.189772453,0.138570696,0.829764648,0,,0.021668508,,99.97279794,-100.1625704
339,Train,115,2867.289985,7,28-Feb,21.98685455,0.224954863,0.159504993,0.955119718,0,,0.020752672,,7.401053772,-7.626008636
340,Test,115,2867.289985,7,16-Jan,21.98685455,0.224463701,0.143873966,0.861520753,0,,0.020464359,,96.76864282,-96.99310652
341,Test,115,2867.289985,7,17-Apr,21.98685455,0.183024603,0.133058853,0.796759602,0,,0.021762912,,124.3740078,-124.5570324
342,Train,116,2891.980617,7,28-Feb,-7.781669617,0.231557108,0.164110323,0.982696543,0,,0.020797917,,17.45736644,-17.68892355
343,Test,116,2891.980617,7,16-Jan,-7.781669617,0.231713335,0.147987208,0.886150948,0,,0.020697356,,78.27805062,-78.50976395
344,Test,116,2891.980617,7,17-Apr,-7.781669617,0.177403104,0.129210119,0.773713286,0,,0.021129531,,52.13631236,-52.31371546
345,Train,117,2916.663094,7,28-Feb,1.415766716,0.229498896,0.162544093,0.973317923,0,,0.020466514,,12.88839767,-13.11789657
346,Test,117,2916.663094,7,16-Jan,1.415766716,0.218363244,0.139458022,0.835077976,0,,0.020690671,,105.2607603,-105.4791235
347,Test,117,2916.663094,7,17-Apr,1.415766716,0.163045521,0.118074044,0.707030205,0,,0.021800822,,48.25026527,-48.41331079
348,Train,118,2941.684548,7,28-Feb,-7.86335659,0.212858622,0.151128674,0.90496212,0,,0.021201672,,7.172020686,-7.384879309
349,Test,118,2941.684548,7,16-Jan,-7.86335659,0.229843593,0.146779447,0.878918845,0,,0.02047545,,71.68442271,-71.9142663
350,Test,118,2941.684548,7,17-Apr,-7.86335659,0.190706093,0.1399886,0.838255092,0,,0.022836769,,109.3595026,-109.5502087
351,Train,119,2966.841918,7,28-Feb,-23.44979668,0.203799629,0.144317976,0.864179499,0,,0.020392712,,8.665254939,-8.869054567
352,Test,119,2966.841918,7,16-Jan,-23.44979668,0.22487478,0.143307342,0.858127795,0,,0.020542994,,97.52456347,-97.74943825
353,Test,119,2966.841918,7,17-Apr,-23.44979668,0.170823005,0.124742923,0.746963612,0,,0.023323319,,67.18704914,-67.35787214
354,Train,120,2991.703115,7,28-Feb,42.90846252,0.237048184,0.167874642,1.005237376,0,,0.021027856,,8.772209725,-9.009257909
355,Test,120,2991.703115,7,16-Jan,42.90846252,0.255619069,0.162508444,0.973104455,0,,0.021127898,,37.60216196,-37.85778103
356,Test,120,2991.703115,7,17-Apr,42.90846252,0.185203546,0.135565506,0.811769499,0,,0.022144156,,93.21546999,-93.40067353
357,Train,121,3016.336098,7,28-Feb,28.71979523,0.222062448,0.15834123,0.948151076,0,,0.020621746,,11.1384455,-11.36050795
358,Test,121,3016.336098,7,16-Jan,28.71979523,0.268764197,0.17196284,1.029717605,0,,0.020835765,,42.23929107,-42.50805527
359,Test,121,3016.336098,7,17-Apr,28.71979523,0.190945331,0.139306517,0.834170762,0,,0.022226361,,99.07099127,-99.26193661
360,Train,122,3041.372966,7,28-Feb,19.93784142,0.244261291,0.1725048,1.032962872,0,,0.020693903,,11.29424616,-11.53850745
361,Test,122,3041.372966,7,16-Jan,19.93784142,0.236034697,0.1508176,0.903099403,0,,0.020652472,,68.95347157,-69.18950627
362,Test,122,3041.372966,7,17-Apr,19.93784142,0.193947321,0.140543991,0.841580782,0,,0.022535413,,109.0444084,-109.2383557
363,Train,123,3066.042801,7,28-Feb,20.73814392,0.227296247,0.160195978,0.959257351,0,,0.020397821,,15.91644781,-16.14374406
364,Test,123,3066.042801,7,16-Jan,20.73814392,0.235323995,0.150223029,0.899539098,0,,0.020776603,,52.61472291,-52.8500469
365,Test,123,3066.042801,7,17-Apr,20.73814392,0.172301525,0.125217322,0.74980432,0,,0.021622533,,68.17825454,-68.35055607
366,Train,124,3091.078134,7,28-Feb,35.62533188,0.22312106,0.157432685,0.94271069,0,,0.020929126,,8.117350568,-8.340471628
367,Test,124,3091.078134,7,16-Jan,35.62533188,0.226171285,0.144128887,0.863047225,0,,0.020319262,,91.96168432,-92.1878556
368,Test,124,3091.078134,7,17-Apr,35.62533188,0.160167103,0.116181773,0.695699242,0,,0.021884519,,46.4547385,-46.6149056
369,Train,125,3115.755928,7,28-Feb,20.09931946,0.208896631,0.148136312,0.887043782,0,,0.020371326,,10.36652061,-10.57541724
370,Test,125,3115.755928,7,16-Jan,20.09931946,0.216884324,0.138132262,0.827139291,0,,0.020419173,,127.1849419,-127.4018263
371,Test,125,3115.755928,7,17-Apr,20.09931946,0.144220983,0.104756301,0.627283241,0,,0.020735338,,20.04106223,-20.18528321
372,Train,126,3141.022718,7,28-Feb,10.79278946,0.206324116,0.146463012,0.877024026,0,,0.020263748,,11.6952393,-11.90156342
373,Test,126,3141.022718,7,16-Jan,10.79278946,0.212992577,0.135416577,0.810877706,0,,0.020156475,,125.5071477,-125.7201402
374,Test,126,3141.022718,7,17-Apr,10.79278946,0.136254678,0.099340487,0.594853215,0,,0.022447812,,24.49079107,-24.62704575
375,Train,127,3165.972811,7,28-Feb,5.434392929,0.192504544,0.136603834,0.817987031,0,,0.020848418,,21.38218172,-21.57468626
376,Test,127,3165.972811,7,16-Jan,5.434392929,0.21630031,0.137487543,0.823278698,0,,0.019939973,,134.915393,-135.1316933
377,Test,127,3165.972811,7,17-Apr,5.434392929,0.125328767,0.091200394,0.546110146,0,,0.022015477,,10.81837763,-10.9437064
378,Train,128,3190.267883,7,28-Feb,-5.881409168,0.188175025,0.13336135,0.798570959,0,,0.020891016,,32.28312813,-32.47130315
379,Test,128,3190.267883,7,16-Jan,-5.881409168,0.214455986,0.13599189,0.814322697,0,,0.019964433,,151.2028483,-151.4173043
380,Test,128,3190.267883,7,17-Apr,-5.881409168,0.158153466,0.115477026,0.691479195,0,,0.021430258,,21.57105381,-21.72920728
381,Train,129,3215.326288,7,28-Feb,15.22308445,0.20197689,0.143014599,0.856374846,0,,0.02075777,,27.09014455,-27.29212144
382,Test,129,3215.326288,7,16-Jan,15.22308445,0.211219871,0.134824879,0.807334607,0,,0.020331246,,116.170448,-116.3816679
383,Test,129,3215.326288,7,17-Apr,15.22308445,0.156895267,0.113708392,0.680888572,0,,0.022009772,,30.31640328,-30.47329855
384,Train,130,3240.408963,7,28-Feb,7.491122723,0.206308498,0.145885771,0.873567491,0,,0.020383465,,12.97626134,-13.18256984
385,Test,130,3240.408963,7,16-Jan,7.491122723,0.244806069,0.156328349,0.936097899,0,,0.020336318,,75.77338365,-76.01818972
386,Test,130,3240.408963,7,17-Apr,7.491122723,0.164020269,0.119077829,0.713040894,0,,0.021160915,,41.39236737,-41.55638764
387,Train,131,3265.126011,7,28-Feb,9.130900383,0.218874079,0.154791982,0.926898093,0,,0.021111174,,27.28628325,-27.50515733
388,Test,131,3265.126011,7,16-Jan,9.130900383,0.254145513,0.161956409,0.969798854,0,,0.020295544,,56.22943218,-56.48357769
389,Test,131,3265.126011,7,17-Apr,9.130900383,0.169069463,0.12203155,0.730727843,0,,0.022269893,,47.91305467,-48.08212413
390,Train,132,3289.695545,7,28-Feb,12.96271324,0.2266926,0.160458505,0.960829371,0,,0.02108446,,6.961380805,-7.188073405
391,Test,132,3289.695545,7,16-Jan,12.96271324,0.227007458,0.145334367,0.870265669,0,,0.020242,,116.9319098,-117.1589172
392,Test,132,3289.695545,7,17-Apr,12.96271324,0.192742282,0.139884536,0.83763195,0,,0.021034991,,89.18732991,-89.38007219
393,Train,133,3314.176014,7,28-Feb,19.00151634,0.241782464,0.170800208,1.022755738,0,,0.021192249,,22.71724843,-22.95903089
394,Test,133,3314.176014,7,16-Jan,19.00151634,0.218112392,0.139755359,0.836858435,0,,0.020476517,,105.5917861,-105.8098984
395,Test,133,3314.176014,7,17-Apr,19.00151634,0.153081534,0.11134094,0.666712216,0,,0.021303205,,9.137971299,-9.291052834
396,Train,134,3339.156937,7,28-Feb,17.40280151,0.198293924,0.141357895,0.846454459,0,,0.020777907,,11.44814797,-11.64644189
397,Test,134,3339.156937,7,16-Jan,17.40280151,0.203296909,0.129412177,0.774923214,0,,0.019904309,,162.3066013,-162.5098982
398,Test,134,3339.156937,7,17-Apr,17.40280151,0.13927375,0.101761047,0.609347588,0,,0.022467035,,24.08383118,-24.22310493
399,Train,135,3365.260156,7,28-Feb,1.373491287,0.176053239,0.125233129,0.749898975,0,,0.019835643,,44.6683097,-44.84436294
400,Test,135,3365.260156,7,16-Jan,1.373491287,0.192915962,0.123007691,0.736573002,0,,0.019886941,,204.5434648,-204.7363808
401,Test,135,3365.260156,7,17-Apr,1.373491287,0.136049651,0.099226899,0.594173047,0,,0.021576133,,10.4458181,-10.58186775
402,Train,136,3390.432983,7,28-Feb,1.05790925,0.180106735,0.1275246,0.763620357,0,,0.020130855,,38.22833784,-38.40844458
403,Test,136,3390.432983,7,16-Jan,1.05790925,0.202910288,0.129412501,0.774925153,0,,0.020394265,,160.3379648,-160.5408751
404,Test,136,3390.432983,7,17-Apr,1.05790925,0.1442123,0.104993575,0.628704042,0,,0.021445089,,10.97006467,-11.11427697
405,Train,137,3415.082211,7,28-Feb,1.511598349,0.194448578,0.13787213,0.825581617,0,,0.020714346,,18.8587163,-19.05316488
406,Test,137,3415.082211,7,16-Jan,1.511598349,0.240048025,0.153552201,0.919474255,0,,0.020331389,,72.76474421,-73.00479224
407,Test,137,3415.082211,7,17-Apr,1.511598349,0.160207059,0.115689132,0.692749296,0,,0.021039263,,31.5615395,-31.72174656
408,Train,138,3440.003851,7,28-Feb,59.63887024,0.231241252,0.164146716,0.982914466,0,,0.020407052,,14.83751579,-15.06875704
409,Test,138,3440.003851,7,16-Jan,59.63887024,0.238884575,0.152924131,0.915713359,0,,0.020263382,,84.53164145,-84.77052602
410,Test,138,3440.003851,7,17-Apr,59.63887024,0.177231714,0.129185088,0.7735634,0,,0.021842156,,39.46078345,-39.63801516
411,Train,139,3464.589927,7,28-Feb,17.30893898,0.238259222,0.168547179,1.009264546,0,,0.020695045,,23.90088437,-24.1391436
412,Test,139,3464.589927,7,16-Jan,17.30893898,0.248748638,0.158879623,0.951374991,0,,0.02039371,,69.58233604,-69.83108467
413,Test,139,3464.589927,7,17-Apr,17.30893898,0.194867159,0.141799929,0.849101374,0,,0.021654577,,99.89111491,-100.0859821
414,Train,140,3488.950441,7,28-Feb,16.7563839,0.230271135,0.163339353,0.978079958,0,,0.020927099,,5.844292761,-6.074563897
415,Test,140,3488.950441,7,16-Jan,16.7563839,0.261721604,0.16711412,1.000683352,0,,0.020308846,,39.69682513,-39.95854673
416,Test,140,3488.950441,7,17-Apr,16.7563839,0.192492536,0.139578209,0.835797659,0,,0.021051718,,63.56015864,-63.75265118
417,Train,141,3513.767031,7,28-Feb,44.47266006,0.229071569,0.162112471,0.970733359,0,,0.020596953,,14.04858561,-14.27765718
418,Test,141,3513.767031,7,16-Jan,44.47266006,0.232454522,0.148031022,0.886413307,0,,0.020372432,,110.5881941,-110.8206486
419,Test,141,3513.767031,7,17-Apr,44.47266006,0.152320702,0.110594886,0.662244828,0,,0.021164574,,11.84220058,-11.99452128
420,Train,142,3538.378795,7,28-Feb,2.078933716,0.202585598,0.142911461,0.855757249,0,,0.020084657,,12.79803988,-13.00062547
421,Test,142,3538.378795,7,16-Jan,2.078933716,0.208170436,0.132254133,0.791940917,0,,0.019751247,,164.9907773,-165.1989477
422,Test,142,3538.378795,7,17-Apr,2.078933716,0.146415281,0.106122732,0.63546546,0,,0.020987412,,9.788624525,-9.935039806
423,Train,143,3563.601154,7,28-Feb,52.95120239,0.216396967,0.154386255,0.924468595,0,,0.02043068,,4.395161561,-4.611558528
424,Test,143,3563.601154,7,16-Jan,52.95120239,0.196251167,0.125544335,0.751762482,0,,0.019877544,,189.6325545,-189.8288057
425,Test,143,3563.601154,7,17-Apr,52.95120239,0.131462927,0.095391574,0.571207028,0,,0.020357004,,7.191541189,-7.323004116
426,Train,144,3588.302813,7,28-Feb,7.927783966,0.194602183,0.138248798,0.827837112,0,,0.020097723,,24.07393412,-24.2685363
427,Test,144,3588.302813,7,16-Jan,7.927783966,0.196480237,0.125972016,0.754323448,0,,0.019977961,,176.8916565,-177.0881367
428,Test,144,3588.302813,7,17-Apr,7.927783966,0.15045313,0.109130111,0.653473719,0,,0.022020244,,19.26324802,-19.41370115
429,Train,145,3612.704549,7,28-Feb,-32.25274658,0.183068388,0.129780063,0.777126124,0,,0.020316469,,28.83085607,-29.01392446
430,Test,145,3612.704549,7,16-Jan,-32.25274658,0.224320327,0.142932652,0.855884145,0,,0.020178982,,132.467297,-132.6916173
431,Test,145,3612.704549,7,17-Apr,-32.25274658,0.13386652,0.097473989,0.583676581,0,,0.020610159,,3.498908993,-3.632775512
432,Train,146,3637.622182,7,28-Feb,17.37897873,0.231250365,0.163093575,0.976608236,0,,0.020588371,,1.867324859,-2.098575223
433,Test,146,3637.622182,7,16-Jan,17.37897873,0.23833893,0.152699322,0.914367199,0,,0.020170158,,68.18376429,-68.42210323
434,Test,146,3637.622182,7,17-Apr,17.37897873,0.165512694,0.120200647,0.71976435,0,,0.021509356,,26.42413126,-26.58964395
435,Train,147,3662.196417,7,28-Feb,26.89625549,0.233888354,0.164972129,0.987857057,0,,0.020923586,,6.46917586,-6.703064213
436,Test,147,3662.196417,7,16-Jan,26.89625549,0.245081681,0.156183165,0.935228536,0,,0.020303857,,64.4590167,-64.70409838
437,Test,147,3662.196417,7,17-Apr,26.89625549,0.182849744,0.132690195,0.794552064,0,,0.021780448,,46.71969156,-46.90254131
438,Train,148,3687.29098,7,28-Feb,12.04507637,0.249230662,0.176188245,1.055019428,0,,0.020977424,,7.234738713,-7.483969375
439,Test,148,3687.29098,7,16-Jan,12.04507637,0.268405465,0.171076662,1.024411151,0,,0.020801925,,31.22809516,-31.49650062
440,Test,148,3687.29098,7,17-Apr,12.04507637,0.173925073,0.126220529,0.75581155,0,,0.020735681,,57.15131284,-57.32523791
441,Train,149,3712.227107,7,28-Feb,54.11301804,0.222889916,0.157980548,0.945991303,0,,0.020459103,,8.705674695,-8.928564612
442,Test,149,3712.227107,7,16-Jan,54.11301804,0.249888445,0.160310971,0.959945936,0,,0.020649233,,47.81531875,-48.0652072
443,Test,149,3712.227107,7,17-Apr,54.11301804,0.165519039,0.120384406,0.720864705,0,,0.020909025,,31.49269353,-31.65821257
444,Train,150,3737.042576,7,28-Feb,49.10216522,0.233336942,0.164251508,0.983541966,0,,0.020444488,,6.758199905,-6.991536847
445,Test,150,3737.042576,7,16-Jan,49.10216522,0.231449566,0.148629127,0.889994773,0,,0.02013619,,92.01761991,-92.24906947
446,Test,150,3737.042576,7,17-Apr,49.10216522,0.17941137,0.130740422,0.782876778,0,,0.021481152,,46.30489777,-46.48430914
447,Train,151,3762.159262,7,28-Feb,-20.12001991,0.190695293,0.13454449,0.805655627,0,,0.02020274,,7.718116469,-7.908811762
448,Test,151,3762.159262,7,16-Jan,-20.12001991,0.216869348,0.139226744,0.833693081,0,,0.02018133,,94.82300074,-95.03987008
449,Test,151,3762.159262,7,17-Apr,-20.12001991,0.152395002,0.110625845,0.662430212,0,,0.021064345,,13.62291702,-13.77531202
450,Train,152,3785.989069,7,28-Feb,-4.743347168,0.19357319,0.137005465,0.820392005,0,,0.02032092,,15.39632383,-15.58989702
451,Test,152,3785.989069,7,16-Jan,-4.743347168,0.214026144,0.137331874,0.822346551,0,,0.020251064,,120.8313766,-121.0454027
452,Test,152,3785.989069,7,17-Apr,-4.743347168,0.137510068,0.100402543,0.601212833,0,,0.020801499,,12.86297687,-13.00048694
453,Train,153,3810.891949,7,28-Feb,2.469768047,0.190398247,0.134974421,0.808230064,0,,0.020069601,,26.63301188,-26.82341013
454,Test,153,3810.891949,7,16-Jan,2.469768047,0.219456145,0.139835889,0.837340651,0,,0.020344899,,129.6252383,-129.8446945
455,Test,153,3810.891949,7,17-Apr,2.469768047,0.140984261,0.102500982,0.613778338,0,,0.021106246,,13.60642872,-13.74741299
456,Train,154,3835.497379,7,28-Feb,30.50723076,0.209542231,0.148792469,0.89097287,0,,0.020294868,,13.73779657,-13.9473388
457,Test,154,3835.497379,7,16-Jan,30.50723076,0.22401087,0.143396436,0.858661293,0,,0.020072956,,112.8154001,-113.0394109
458,Test,154,3835.497379,7,17-Apr,30.50723076,0.16010559,0.116604474,0.698230382,0,,0.021233704,,28.80087022,-28.96097581
459,Train,155,3860.329322,7,28-Feb,13.12948418,0.234954493,0.16736479,1.002184372,0,,0.020715083,,33.63177871,-33.8667332
460,Test,155,3860.329322,7,16-Jan,13.12948418,0.232500289,0.149020865,0.892340509,0,,0.02055924,,86.18463815,-86.41713844
461,Test,155,3860.329322,7,17-Apr,13.12948418,0.170612816,0.123865335,0.741708591,0,,0.020735584,,41.09641742,-41.26703024
462,Train,156,3884.827133,7,28-Feb,54.18732452,0.22072086,0.155793955,0.932897937,0,,0.02057795,,9.542585281,-9.763306141
463,Test,156,3884.827133,7,16-Jan,54.18732452,0.231215574,0.149036394,0.8924335,0,,0.020168477,,73.79659325,-74.02780882
464,Test,156,3884.827133,7,17-Apr,54.18732452,0.178903147,0.13018191,0.779532396,0,,0.022326018,,77.86758591,-78.04648906
465,Train,157,3909.95748,7,28-Feb,-6.66904211,0.234544061,0.167012597,1.000075432,0,,0.021049396,,14.61255482,-14.84709888
466,Test,157,3909.95748,7,16-Jan,-6.66904211,0.245436163,0.156950552,0.939823664,0,,0.020446351,,78.73803561,-78.98347177
467,Test,157,3909.95748,7,17-Apr,-6.66904211,0.170611964,0.123699956,0.740718301,0,,0.021006693,,51.12226334,-51.2928753
468,Train,158,3934.994418,7,28-Feb,55.12168121,0.228136312,0.161738833,0.968496007,0,,0.020619554,,3.961926322,-4.190062634
469,Test,158,3934.994418,7,16-Jan,55.12168121,0.255624728,0.163399656,0.978441055,0,,0.020247743,,53.39311051,-53.64873524
470,Test,158,3934.994418,7,17-Apr,55.12168121,0.169915371,0.123593667,0.740081839,0,,0.02088165,,36.44753095,-36.61744632
471,Train,159,3958.988687,7,28-Feb,33.23252106,0.251852864,0.178302898,1.067682022,0,,0.020751283,,10.56877676,-10.82062963
472,Test,159,3958.988687,7,16-Jan,33.23252106,0.238837069,0.152891851,0.915520065,0,,0.020684833,,111.0350994,-111.2739365
473,Test,159,3958.988687,7,17-Apr,33.23252106,0.172406861,0.124876749,0.747764963,0,,0.021072862,,26.82089056,-26.99329742
474,Train,160,3984.182912,7,28-Feb,23.5671978,0.217596683,0.154740503,0.926589839,0,,0.020437881,,14.19290455,-14.41050123
475,Test,160,3984.182912,7,16-Jan,23.5671978,0.228156491,0.145362176,0.870432194,0,,0.020381133,,106.0796319,-106.3077884
476,Test,160,3984.182912,7,17-Apr,23.5671978,0.161958933,0.11865749,0.710523889,0,,0.020784867,,14.24476423,-14.40672317
477,Train,161,4008.649228,7,28-Feb,48.6131897,0.214348395,0.152333223,0.91217499,0,,0.020282669,,10.91609742,-11.13044582
478,Test,161,4008.649228,7,16-Jan,48.6131897,0.235855607,0.150487899,0.901125143,0,,0.020145416,,88.13003426,-88.36588987
479,Test,161,4008.649228,7,17-Apr,48.6131897,0.151760569,0.111029994,0.664850265,0,,0.021329272,,15.22441997,-15.37618053
480,Train,162,4033.184513,7,28-Feb,64.4320755,0.235063047,0.165743825,0.992477994,0,,0.020412389,,9.576072802,-9.811135849
481,Test,162,4033.184513,7,16-Jan,64.4320755,0.214922972,0.137004458,0.820385977,0,,0.020092118,,115.7581255,-115.9730485
482,Test,162,4033.184513,7,17-Apr,64.4320755,0.162751698,0.117749261,0.705085396,0,,0.021950739,,18.3864364,-18.5491881
